50000,137,20001,EXECUTION,1,8.8,8.24,17.72
50001,144,20001,EXECUTION,2,7.3,8.24,17.72
50002,112,20001,EXECUTION,3,7.9,8.24,17.72
50003,111,20001,EXECUTION,4,7.5,8.24,17.72
50004,148,20001,ARTISTIC,1,7.5,7.48,17.72
50005,106,20001,ARTISTIC,2,7.0,7.48,17.72
50006,140,20001,ARTISTIC,3,8.6,7.48,17.72
50007,125,20001,ARTISTIC,4,8.8,7.48,17.72
50008,144,20002,EXECUTION,1,7.5,8.28,18.13
50009,135,20002,EXECUTION,2,8.7,8.28,18.13
50010,111,20002,EXECUTION,3,7.4,8.28,18.13
50011,105,20002,EXECUTION,4,7.8,8.28,18.13
50012,129,20002,ARTISTIC,1,8.0,7.85,18.13
50013,123,20002,ARTISTIC,2,7.5,7.85,18.13
50014,138,20002,ARTISTIC,3,8.1,7.85,18.13
50015,120,20002,ARTISTIC,4,8.1,7.85,18.13
50016,145,20003,EXECUTION,1,8.9,8.73,19.29
50017,119,20003,EXECUTION,2,8.8,8.73,19.29
50018,102,20003,EXECUTION,3,8.5,8.73,19.29
50019,143,20003,EXECUTION,4,8.7,8.73,19.29
50020,126,20003,ARTISTIC,1,8.8,8.56,19.29
50021,118,20003,ARTISTIC,2,8.6,8.56,19.29
50022,101,20003,ARTISTIC,3,7.5,8.56,19.29
50023,137,20003,ARTISTIC,4,8.6,8.56,19.29
50024,115,20004,EXECUTION,1,8.3,8.26,19.07
50025,141,20004,EXECUTION,2,7.6,8.26,19.07
50026,113,20004,EXECUTION,3,7.9,8.26,19.07
50027,140,20004,EXECUTION,4,8.2,8.26,19.07
50028,117,20004,ARTISTIC,1,8.5,8.81,19.07
50029,144,20004,ARTISTIC,2,7.2,8.81,19.07
50030,143,20004,ARTISTIC,3,7.6,8.81,19.07
50031,109,20004,ARTISTIC,4,8.5,8.81,19.07
50032,112,20005,EXECUTION,1,8.6,8.66,18.17
50033,113,20005,EXECUTION,2,8.0,8.66,18.17
50034,109,20005,EXECUTION,3,8.6,8.66,18.17
50035,135,20005,EXECUTION,4,8.5,8.66,18.17
50036,124,20005,ARTISTIC,1,7.7,7.51,18.17
50037,134,20005,ARTISTIC,2,7.2,7.51,18.17
50038,133,20005,ARTISTIC,3,8.9,7.51,18.17
50039,118,20005,ARTISTIC,4,7.3,7.51,18.17
50040,115,20006,EXECUTION,1,8.1,8.58,17.61
50041,144,20006,EXECUTION,2,7.9,8.58,17.61
50042,147,20006,EXECUTION,3,8.3,8.58,17.61
50043,149,20006,EXECUTION,4,8.3,8.58,17.61
50044,126,20006,ARTISTIC,1,8.2,7.03,17.61
50045,136,20006,ARTISTIC,2,8.6,7.03,17.61
50046,124,20006,ARTISTIC,3,8.9,7.03,17.61
50047,106,20006,ARTISTIC,4,7.2,7.03,17.61
50048,115,20007,EXECUTION,1,7.9,8.3,18.57
50049,131,20007,EXECUTION,2,8.4,8.3,18.57
50050,102,20007,EXECUTION,3,8.3,8.3,18.57
50051,140,20007,EXECUTION,4,7.2,8.3,18.57
50052,136,20007,ARTISTIC,1,7.1,8.27,18.57
50053,121,20007,ARTISTIC,2,7.1,8.27,18.57
50054,147,20007,ARTISTIC,3,9.0,8.27,18.57
50055,150,20007,ARTISTIC,4,7.2,8.27,18.57
50056,116,20008,EXECUTION,1,7.3,7.84,18.32
50057,135,20008,EXECUTION,2,7.8,7.84,18.32
50058,109,20008,EXECUTION,3,7.2,7.84,18.32
50059,125,20008,EXECUTION,4,8.0,7.84,18.32
50060,130,20008,ARTISTIC,1,7.8,8.48,18.32
50061,124,20008,ARTISTIC,2,8.9,8.48,18.32
50062,143,20008,ARTISTIC,3,7.1,8.48,18.32
50063,149,20008,ARTISTIC,4,7.7,8.48,18.32
50064,129,20009,EXECUTION,1,7.1,8.8,19.09
50065,150,20009,EXECUTION,2,7.6,8.8,19.09
50066,116,20009,EXECUTION,3,8.9,8.8,19.09
50067,124,20009,EXECUTION,4,8.9,8.8,19.09
50068,107,20009,ARTISTIC,1,8.6,8.29,19.09
50069,144,20009,ARTISTIC,2,7.2,8.29,19.09
50070,147,20009,ARTISTIC,3,7.4,8.29,19.09
50071,135,20009,ARTISTIC,4,8.3,8.29,19.09
50072,102,20010,EXECUTION,1,8.2,8.66,18.77
50073,104,20010,EXECUTION,2,8.6,8.66,18.77
50074,122,20010,EXECUTION,3,7.5,8.66,18.77
50075,116,20010,EXECUTION,4,8.5,8.66,18.77
50076,109,20010,ARTISTIC,1,8.6,8.11,18.77
50077,137,20010,ARTISTIC,2,8.2,8.11,18.77
50078,114,20010,ARTISTIC,3,7.6,8.11,18.77
50079,105,20010,ARTISTIC,4,9.0,8.11,18.77
50080,109,20011,EXECUTION,1,7.5,7.03,17.61
50081,135,20011,EXECUTION,2,7.6,7.03,17.61
50082,117,20011,EXECUTION,3,7.3,7.03,17.61
50083,112,20011,EXECUTION,4,7.1,7.03,17.61
50084,108,20011,ARTISTIC,1,8.5,8.58,17.61
50085,143,20011,ARTISTIC,2,8.1,8.58,17.61
50086,102,20011,ARTISTIC,3,8.5,8.58,17.61
50087,150,20011,ARTISTIC,4,8.0,8.58,17.61
50088,150,20012,EXECUTION,1,8.6,8.89,17.98
50089,124,20012,EXECUTION,2,8.7,8.89,17.98
50090,133,20012,EXECUTION,3,8.0,8.89,17.98
50091,138,20012,EXECUTION,4,7.9,8.89,17.98
50092,107,20012,ARTISTIC,1,8.9,7.09,17.98
50093,129,20012,ARTISTIC,2,7.1,7.09,17.98
50094,148,20012,ARTISTIC,3,8.0,7.09,17.98
50095,115,20012,ARTISTIC,4,7.8,7.09,17.98
50096,144,20013,EXECUTION,1,7.6,8.22,17.35
50097,107,20013,EXECUTION,2,8.3,8.22,17.35
50098,132,20013,EXECUTION,3,8.1,8.22,17.35
50099,146,20013,EXECUTION,4,7.7,8.22,17.35
50100,129,20013,ARTISTIC,1,9.0,7.13,17.35
50101,105,20013,ARTISTIC,2,8.1,7.13,17.35
50102,106,20013,ARTISTIC,3,7.9,7.13,17.35
50103,121,20013,ARTISTIC,4,8.2,7.13,17.35
50104,107,20014,EXECUTION,1,7.7,7.9,17.36
50105,145,20014,EXECUTION,2,7.9,7.9,17.36
50106,108,20014,EXECUTION,3,7.8,7.9,17.36
50107,142,20014,EXECUTION,4,7.2,7.9,17.36
50108,147,20014,ARTISTIC,1,7.9,7.46,17.36
50109,136,20014,ARTISTIC,2,8.3,7.46,17.36
50110,114,20014,ARTISTIC,3,7.7,7.46,17.36
50111,128,20014,ARTISTIC,4,7.3,7.46,17.36
50112,131,20015,EXECUTION,1,8.2,8.62,18.73
50113,105,20015,EXECUTION,2,8.1,8.62,18.73
50114,106,20015,EXECUTION,3,7.7,8.62,18.73
50115,148,20015,EXECUTION,4,7.2,8.62,18.73
50116,147,20015,ARTISTIC,1,7.7,8.11,18.73
50117,128,20015,ARTISTIC,2,8.3,8.11,18.73
50118,107,20015,ARTISTIC,3,8.5,8.11,18.73
50119,124,20015,ARTISTIC,4,8.7,8.11,18.73
50120,147,20016,EXECUTION,1,8.0,8.01,17.32
50121,104,20016,EXECUTION,2,8.7,8.01,17.32
50122,119,20016,EXECUTION,3,7.7,8.01,17.32
50123,139,20016,EXECUTION,4,8.1,8.01,17.32
50124,120,20016,ARTISTIC,1,7.2,7.31,17.32
50125,123,20016,ARTISTIC,2,7.6,7.31,17.32
50126,107,20016,ARTISTIC,3,7.5,7.31,17.32
50127,137,20016,ARTISTIC,4,7.9,7.31,17.32
50128,136,20017,EXECUTION,1,7.5,8.86,19.52
50129,140,20017,EXECUTION,2,7.4,8.86,19.52
50130,149,20017,EXECUTION,3,8.4,8.86,19.52
50131,144,20017,EXECUTION,4,7.6,8.86,19.52
50132,142,20017,ARTISTIC,1,7.7,8.66,19.52
50133,150,20017,ARTISTIC,2,7.0,8.66,19.52
50134,102,20017,ARTISTIC,3,8.7,8.66,19.52
50135,139,20017,ARTISTIC,4,8.1,8.66,19.52
50136,126,20018,EXECUTION,1,7.3,7.75,17.66
50137,105,20018,EXECUTION,2,7.6,7.75,17.66
50138,110,20018,EXECUTION,3,7.6,7.75,17.66
50139,141,20018,EXECUTION,4,8.9,7.75,17.66
50140,102,20018,ARTISTIC,1,8.2,7.91,17.66
50141,106,20018,ARTISTIC,2,8.8,7.91,17.66
50142,134,20018,ARTISTIC,3,7.3,7.91,17.66
50143,114,20018,ARTISTIC,4,8.5,7.91,17.66
50144,104,20019,EXECUTION,1,7.4,8.21,18.04
50145,144,20019,EXECUTION,2,8.0,8.21,18.04
50146,106,20019,EXECUTION,3,7.7,8.21,18.04
50147,118,20019,EXECUTION,4,7.2,8.21,18.04
50148,129,20019,ARTISTIC,1,8.4,7.83,18.04
50149,143,20019,ARTISTIC,2,8.2,7.83,18.04
50150,128,20019,ARTISTIC,3,8.1,7.83,18.04
50151,132,20019,ARTISTIC,4,7.6,7.83,18.04
50152,115,20020,EXECUTION,1,7.6,8.53,19.06
50153,126,20020,EXECUTION,2,7.2,8.53,19.06
50154,139,20020,EXECUTION,3,8.0,8.53,19.06
50155,104,20020,EXECUTION,4,7.9,8.53,19.06
50156,101,20020,ARTISTIC,1,7.3,8.53,19.06
50157,114,20020,ARTISTIC,2,8.1,8.53,19.06
50158,120,20020,ARTISTIC,3,7.5,8.53,19.06
50159,145,20020,ARTISTIC,4,8.1,8.53,19.06
50160,143,20021,EXECUTION,1,8.2,8.84,19.56
50161,123,20021,EXECUTION,2,8.1,8.84,19.56
50162,105,20021,EXECUTION,3,8.4,8.84,19.56
50163,126,20021,EXECUTION,4,7.8,8.84,19.56
50164,103,20021,ARTISTIC,1,7.2,8.72,19.56
50165,128,20021,ARTISTIC,2,7.0,8.72,19.56
50166,102,20021,ARTISTIC,3,7.6,8.72,19.56
50167,130,20021,ARTISTIC,4,8.6,8.72,19.56
50168,140,20022,EXECUTION,1,7.2,7.87,17.67
50169,130,20022,EXECUTION,2,8.7,7.87,17.67
50170,145,20022,EXECUTION,3,8.5,7.87,17.67
50171,124,20022,EXECUTION,4,7.4,7.87,17.67
50172,106,20022,ARTISTIC,1,8.6,7.8,17.67
50173,128,20022,ARTISTIC,2,7.2,7.8,17.67
50174,107,20022,ARTISTIC,3,8.3,7.8,17.67
50175,116,20022,ARTISTIC,4,8.1,7.8,17.67
50176,113,20023,EXECUTION,1,8.2,7.29,16.68
50177,123,20023,EXECUTION,2,8.5,7.29,16.68
50178,149,20023,EXECUTION,3,8.3,7.29,16.68
50179,147,20023,EXECUTION,4,7.4,7.29,16.68
50180,142,20023,ARTISTIC,1,8.5,7.39,16.68
50181,110,20023,ARTISTIC,2,8.0,7.39,16.68
50182,116,20023,ARTISTIC,3,8.5,7.39,16.68
50183,107,20023,ARTISTIC,4,8.5,7.39,16.68
50184,129,20024,EXECUTION,1,7.9,7.63,17.51
50185,144,20024,EXECUTION,2,8.3,7.63,17.51
50186,137,20024,EXECUTION,3,8.6,7.63,17.51
50187,142,20024,EXECUTION,4,8.2,7.63,17.51
50188,141,20024,ARTISTIC,1,7.7,7.88,17.51
50189,140,20024,ARTISTIC,2,7.1,7.88,17.51
50190,121,20024,ARTISTIC,3,7.9,7.88,17.51
50191,146,20024,ARTISTIC,4,7.1,7.88,17.51
50192,124,20025,EXECUTION,1,8.9,7.77,17.93
50193,119,20025,EXECUTION,2,8.5,7.77,17.93
50194,105,20025,EXECUTION,3,7.1,7.77,17.93
50195,142,20025,EXECUTION,4,8.8,7.77,17.93
50196,106,20025,ARTISTIC,1,8.1,8.16,17.93
50197,140,20025,ARTISTIC,2,7.4,8.16,17.93
50198,139,20025,ARTISTIC,3,8.2,8.16,17.93
50199,133,20025,ARTISTIC,4,8.0,8.16,17.93
50200,104,20026,EXECUTION,1,7.9,7.35,16.85
50201,129,20026,EXECUTION,2,7.9,7.35,16.85
50202,107,20026,EXECUTION,3,8.0,7.35,16.85
50203,122,20026,EXECUTION,4,7.3,7.35,16.85
50204,146,20026,ARTISTIC,1,7.7,7.5,16.85
50205,106,20026,ARTISTIC,2,7.6,7.5,16.85
50206,133,20026,ARTISTIC,3,7.8,7.5,16.85
50207,142,20026,ARTISTIC,4,7.7,7.5,16.85
50208,139,20027,EXECUTION,1,7.5,8.12,17.89
50209,104,20027,EXECUTION,2,8.7,8.12,17.89
50210,141,20027,EXECUTION,3,8.9,8.12,17.89
50211,142,20027,EXECUTION,4,8.2,8.12,17.89
50212,122,20027,ARTISTIC,1,7.3,7.77,17.89
50213,105,20027,ARTISTIC,2,7.2,7.77,17.89
50214,146,20027,ARTISTIC,3,8.3,7.77,17.89
50215,107,20027,ARTISTIC,4,8.8,7.77,17.89
50216,120,20028,EXECUTION,1,8.6,7.62,17.37
50217,142,20028,EXECUTION,2,8.6,7.62,17.37
50218,145,20028,EXECUTION,3,8.3,7.62,17.37
50219,143,20028,EXECUTION,4,8.7,7.62,17.37
50220,126,20028,ARTISTIC,1,8.5,7.75,17.37
50221,109,20028,ARTISTIC,2,8.4,7.75,17.37
50222,139,20028,ARTISTIC,3,8.1,7.75,17.37
50223,106,20028,ARTISTIC,4,8.3,7.75,17.37
50224,128,20029,EXECUTION,1,7.4,7.68,18.21
50225,133,20029,EXECUTION,2,9.0,7.68,18.21
50226,124,20029,EXECUTION,3,7.3,7.68,18.21
50227,102,20029,EXECUTION,4,7.6,7.68,18.21
50228,148,20029,ARTISTIC,1,8.6,8.53,18.21
50229,120,20029,ARTISTIC,2,8.0,8.53,18.21
50230,112,20029,ARTISTIC,3,8.1,8.53,18.21
50231,114,20029,ARTISTIC,4,8.5,8.53,18.21
50232,134,20030,EXECUTION,1,8.4,7.31,16.67
50233,103,20030,EXECUTION,2,8.2,7.31,16.67
50234,143,20030,EXECUTION,3,8.8,7.31,16.67
50235,122,20030,EXECUTION,4,8.4,7.31,16.67
50236,140,20030,ARTISTIC,1,7.1,7.36,16.67
50237,109,20030,ARTISTIC,2,7.7,7.36,16.67
50238,139,20030,ARTISTIC,3,8.4,7.36,16.67
50239,125,20030,ARTISTIC,4,8.9,7.36,16.67
50240,140,20031,EXECUTION,1,8.8,8.93,19.5
50241,119,20031,EXECUTION,2,7.4,8.93,19.5
50242,148,20031,EXECUTION,3,8.4,8.93,19.5
50243,129,20031,EXECUTION,4,8.1,8.93,19.5
50244,115,20031,ARTISTIC,1,7.9,8.57,19.5
50245,135,20031,ARTISTIC,2,8.5,8.57,19.5
50246,116,20031,ARTISTIC,3,8.6,8.57,19.5
50247,120,20031,ARTISTIC,4,8.0,8.57,19.5
50248,127,20032,EXECUTION,1,8.9,7.96,17.7
50249,111,20032,EXECUTION,2,8.4,7.96,17.7
50250,113,20032,EXECUTION,3,8.0,7.96,17.7
50251,139,20032,EXECUTION,4,7.2,7.96,17.7
50252,109,20032,ARTISTIC,1,7.2,7.74,17.7
50253,117,20032,ARTISTIC,2,7.3,7.74,17.7
50254,104,20032,ARTISTIC,3,7.9,7.74,17.7
50255,142,20032,ARTISTIC,4,8.0,7.74,17.7
50256,128,20033,EXECUTION,1,7.8,7.79,17.54
50257,106,20033,EXECUTION,2,7.2,7.79,17.54
50258,115,20033,EXECUTION,3,7.4,7.79,17.54
50259,129,20033,EXECUTION,4,7.6,7.79,17.54
50260,123,20033,ARTISTIC,1,7.2,7.75,17.54
50261,102,20033,ARTISTIC,2,8.4,7.75,17.54
50262,127,20033,ARTISTIC,3,7.7,7.75,17.54
50263,104,20033,ARTISTIC,4,7.3,7.75,17.54
50264,103,20034,EXECUTION,1,7.5,7.01,16.17
50265,119,20034,EXECUTION,2,8.7,7.01,16.17
50266,131,20034,EXECUTION,3,8.1,7.01,16.17
50267,145,20034,EXECUTION,4,8.5,7.01,16.17
50268,109,20034,ARTISTIC,1,8.1,7.16,16.17
50269,148,20034,ARTISTIC,2,7.2,7.16,16.17
50270,129,20034,ARTISTIC,3,7.6,7.16,16.17
50271,140,20034,ARTISTIC,4,7.6,7.16,16.17
50272,104,20035,EXECUTION,1,8.1,8.67,18.67
50273,116,20035,EXECUTION,2,8.3,8.67,18.67
50274,127,20035,EXECUTION,3,8.2,8.67,18.67
50275,141,20035,EXECUTION,4,8.4,8.67,18.67
50276,140,20035,ARTISTIC,1,7.6,8.0,18.67
50277,130,20035,ARTISTIC,2,7.0,8.0,18.67
50278,105,20035,ARTISTIC,3,7.7,8.0,18.67
50279,108,20035,ARTISTIC,4,8.1,8.0,18.67
50280,112,20036,EXECUTION,1,8.0,8.09,18.66
50281,143,20036,EXECUTION,2,7.0,8.09,18.66
50282,149,20036,EXECUTION,3,8.7,8.09,18.66
50283,106,20036,EXECUTION,4,7.1,8.09,18.66
50284,134,20036,ARTISTIC,1,7.8,8.57,18.66
50285,124,20036,ARTISTIC,2,7.7,8.57,18.66
50286,105,20036,ARTISTIC,3,8.5,8.57,18.66
50287,146,20036,ARTISTIC,4,7.7,8.57,18.66
50288,105,20037,EXECUTION,1,7.1,8.47,18.14
50289,123,20037,EXECUTION,2,8.1,8.47,18.14
50290,116,20037,EXECUTION,3,8.6,8.47,18.14
50291,147,20037,EXECUTION,4,7.4,8.47,18.14
50292,143,20037,ARTISTIC,1,8.6,7.67,18.14
50293,141,20037,ARTISTIC,2,7.9,7.67,18.14
50294,107,20037,ARTISTIC,3,8.4,7.67,18.14
50295,138,20037,ARTISTIC,4,8.3,7.67,18.14
50296,109,20038,EXECUTION,1,7.6,8.58,19.35
50297,105,20038,EXECUTION,2,7.6,8.58,19.35
50298,146,20038,EXECUTION,3,7.8,8.58,19.35
50299,130,20038,EXECUTION,4,8.6,8.58,19.35
50300,103,20038,ARTISTIC,1,7.9,8.77,19.35
50301,119,20038,ARTISTIC,2,7.1,8.77,19.35
50302,113,20038,ARTISTIC,3,8.3,8.77,19.35
50303,148,20038,ARTISTIC,4,7.6,8.77,19.35
50304,150,20039,EXECUTION,1,8.8,8.78,19.27
50305,104,20039,EXECUTION,2,7.8,8.78,19.27
50306,142,20039,EXECUTION,3,8.9,8.78,19.27
50307,122,20039,EXECUTION,4,8.0,8.78,19.27
50308,118,20039,ARTISTIC,1,8.0,8.49,19.27
50309,108,20039,ARTISTIC,2,8.8,8.49,19.27
50310,124,20039,ARTISTIC,3,8.0,8.49,19.27
50311,128,20039,ARTISTIC,4,8.6,8.49,19.27
50312,147,20040,EXECUTION,1,8.3,7.64,16.8
50313,128,20040,EXECUTION,2,7.6,7.64,16.8
50314,106,20040,EXECUTION,3,8.2,7.64,16.8
50315,149,20040,EXECUTION,4,7.9,7.64,16.8
50316,139,20040,ARTISTIC,1,8.4,7.16,16.8
50317,112,20040,ARTISTIC,2,7.7,7.16,16.8
50318,135,20040,ARTISTIC,3,7.1,7.16,16.8
50319,119,20040,ARTISTIC,4,8.7,7.16,16.8
50320,123,20041,EXECUTION,1,8.6,8.28,18.01
50321,140,20041,EXECUTION,2,8.4,8.28,18.01
50322,128,20041,EXECUTION,3,8.9,8.28,18.01
50323,118,20041,EXECUTION,4,7.3,8.28,18.01
50324,141,20041,ARTISTIC,1,8.2,7.73,18.01
50325,104,20041,ARTISTIC,2,8.6,7.73,18.01
50326,105,20041,ARTISTIC,3,7.1,7.73,18.01
50327,143,20041,ARTISTIC,4,7.1,7.73,18.01
50328,150,20042,EXECUTION,1,7.7,7.31,17.21
50329,142,20042,EXECUTION,2,7.9,7.31,17.21
50330,124,20042,EXECUTION,3,7.2,7.31,17.21
50331,148,20042,EXECUTION,4,7.3,7.31,17.21
50332,125,20042,ARTISTIC,1,7.7,7.9,17.21
50333,137,20042,ARTISTIC,2,7.6,7.9,17.21
50334,103,20042,ARTISTIC,3,7.6,7.9,17.21
50335,139,20042,ARTISTIC,4,8.9,7.9,17.21
50336,102,20043,EXECUTION,1,7.9,7.52,17.04
50337,148,20043,EXECUTION,2,9.0,7.52,17.04
50338,112,20043,EXECUTION,3,7.6,7.52,17.04
50339,132,20043,EXECUTION,4,8.8,7.52,17.04
50340,134,20043,ARTISTIC,1,8.0,7.52,17.04
50341,125,20043,ARTISTIC,2,7.2,7.52,17.04
50342,136,20043,ARTISTIC,3,8.7,7.52,17.04
50343,108,20043,ARTISTIC,4,7.9,7.52,17.04
50344,146,20044,EXECUTION,1,7.6,8.1,17.68
50345,129,20044,EXECUTION,2,7.3,8.1,17.68
50346,106,20044,EXECUTION,3,8.4,8.1,17.68
50347,144,20044,EXECUTION,4,8.4,8.1,17.68
50348,121,20044,ARTISTIC,1,7.3,7.58,17.68
50349,143,20044,ARTISTIC,2,7.7,7.58,17.68
50350,123,20044,ARTISTIC,3,7.4,7.58,17.68
50351,105,20044,ARTISTIC,4,9.0,7.58,17.68
50352,109,20045,EXECUTION,1,7.3,7.93,18.9
50353,116,20045,EXECUTION,2,8.8,7.93,18.9
50354,132,20045,EXECUTION,3,7.1,7.93,18.9
50355,102,20045,EXECUTION,4,7.8,7.93,18.9
50356,124,20045,ARTISTIC,1,8.4,8.97,18.9
50357,136,20045,ARTISTIC,2,8.0,8.97,18.9
50358,137,20045,ARTISTIC,3,7.8,8.97,18.9
50359,146,20045,ARTISTIC,4,7.8,8.97,18.9
50360,137,20046,EXECUTION,1,8.8,8.36,18.05
50361,105,20046,EXECUTION,2,8.6,8.36,18.05
50362,109,20046,EXECUTION,3,8.3,8.36,18.05
50363,121,20046,EXECUTION,4,7.4,8.36,18.05
50364,142,20046,ARTISTIC,1,8.9,7.69,18.05
50365,149,20046,ARTISTIC,2,7.9,7.69,18.05
50366,129,20046,ARTISTIC,3,8.8,7.69,18.05
50367,130,20046,ARTISTIC,4,7.1,7.69,18.05
50368,108,20047,EXECUTION,1,8.8,7.69,18.57
50369,134,20047,EXECUTION,2,8.7,7.69,18.57
50370,110,20047,EXECUTION,3,7.5,7.69,18.57
50371,120,20047,EXECUTION,4,8.3,7.69,18.57
50372,111,20047,ARTISTIC,1,8.1,8.88,18.57
50373,146,20047,ARTISTIC,2,7.3,8.88,18.57
50374,121,20047,ARTISTIC,3,7.6,8.88,18.57
50375,115,20047,ARTISTIC,4,8.1,8.88,18.57
50376,133,20048,EXECUTION,1,7.7,8.25,19.05
50377,142,20048,EXECUTION,2,8.8,8.25,19.05
50378,111,20048,EXECUTION,3,7.1,8.25,19.05
50379,138,20048,EXECUTION,4,8.7,8.25,19.05
50380,147,20048,ARTISTIC,1,7.2,8.8,19.05
50381,110,20048,ARTISTIC,2,8.9,8.8,19.05
50382,148,20048,ARTISTIC,3,8.5,8.8,19.05
50383,143,20048,ARTISTIC,4,7.5,8.8,19.05
50384,114,20049,EXECUTION,1,7.6,8.09,18.37
50385,137,20049,EXECUTION,2,7.5,8.09,18.37
50386,127,20049,EXECUTION,3,8.6,8.09,18.37
50387,140,20049,EXECUTION,4,7.8,8.09,18.37
50388,141,20049,ARTISTIC,1,7.9,8.28,18.37
50389,102,20049,ARTISTIC,2,8.4,8.28,18.37
50390,132,20049,ARTISTIC,3,7.3,8.28,18.37
50391,146,20049,ARTISTIC,4,7.8,8.28,18.37
50392,130,20050,EXECUTION,1,7.7,8.95,18.21
50393,114,20050,EXECUTION,2,8.1,8.95,18.21
50394,122,20050,EXECUTION,3,7.6,8.95,18.21
50395,139,20050,EXECUTION,4,7.9,8.95,18.21
50396,110,20050,ARTISTIC,1,7.5,7.26,18.21
50397,121,20050,ARTISTIC,2,7.5,7.26,18.21
50398,145,20050,ARTISTIC,3,7.2,7.26,18.21
50399,123,20050,ARTISTIC,4,7.6,7.26,18.21
50400,125,20051,EXECUTION,1,9.0,7.38,16.7
50401,140,20051,EXECUTION,2,7.9,7.38,16.7
50402,127,20051,EXECUTION,3,8.8,7.38,16.7
50403,116,20051,EXECUTION,4,8.0,7.38,16.7
50404,111,20051,ARTISTIC,1,7.2,7.32,16.7
50405,121,20051,ARTISTIC,2,7.8,7.32,16.7
50406,137,20051,ARTISTIC,3,7.9,7.32,16.7
50407,145,20051,ARTISTIC,4,7.5,7.32,16.7
50408,138,20052,EXECUTION,1,7.0,8.35,17.92
50409,123,20052,EXECUTION,2,7.2,8.35,17.92
50410,104,20052,EXECUTION,3,7.3,8.35,17.92
50411,148,20052,EXECUTION,4,7.5,8.35,17.92
50412,119,20052,ARTISTIC,1,7.7,7.57,17.92
50413,132,20052,ARTISTIC,2,7.8,7.57,17.92
50414,139,20052,ARTISTIC,3,7.1,7.57,17.92
50415,142,20052,ARTISTIC,4,7.1,7.57,17.92
50416,136,20053,EXECUTION,1,8.7,7.9,18.0
50417,113,20053,EXECUTION,2,8.2,7.9,18.0
50418,124,20053,EXECUTION,3,8.2,7.9,18.0
50419,150,20053,EXECUTION,4,7.3,7.9,18.0
50420,119,20053,ARTISTIC,1,7.2,8.1,18.0
50421,105,20053,ARTISTIC,2,7.7,8.1,18.0
50422,125,20053,ARTISTIC,3,9.0,8.1,18.0
50423,133,20053,ARTISTIC,4,8.1,8.1,18.0
50424,124,20054,EXECUTION,1,8.4,7.08,16.16
50425,149,20054,EXECUTION,2,8.6,7.08,16.16
50426,110,20054,EXECUTION,3,8.0,7.08,16.16
50427,113,20054,EXECUTION,4,7.3,7.08,16.16
50428,139,20054,ARTISTIC,1,8.8,7.08,16.16
50429,133,20054,ARTISTIC,2,7.3,7.08,16.16
50430,126,20054,ARTISTIC,3,8.9,7.08,16.16
50431,145,20054,ARTISTIC,4,7.6,7.08,16.16
50432,126,20055,EXECUTION,1,7.6,8.06,18.48
50433,140,20055,EXECUTION,2,8.6,8.06,18.48
50434,148,20055,EXECUTION,3,7.7,8.06,18.48
50435,120,20055,EXECUTION,4,8.3,8.06,18.48
50436,138,20055,ARTISTIC,1,9.0,8.42,18.48
50437,122,20055,ARTISTIC,2,8.2,8.42,18.48
50438,133,20055,ARTISTIC,3,8.6,8.42,18.48
50439,144,20055,ARTISTIC,4,8.5,8.42,18.48
50440,145,20056,EXECUTION,1,8.2,8.16,18.6
50441,141,20056,EXECUTION,2,7.3,8.16,18.6
50442,102,20056,EXECUTION,3,8.3,8.16,18.6
50443,139,20056,EXECUTION,4,8.2,8.16,18.6
50444,131,20056,ARTISTIC,1,8.7,8.44,18.6
50445,117,20056,ARTISTIC,2,7.3,8.44,18.6
50446,142,20056,ARTISTIC,3,8.4,8.44,18.6
50447,138,20056,ARTISTIC,4,7.1,8.44,18.6
50448,145,20057,EXECUTION,1,8.0,7.83,17.24
50449,108,20057,EXECUTION,2,8.2,7.83,17.24
50450,113,20057,EXECUTION,3,7.9,7.83,17.24
50451,102,20057,EXECUTION,4,8.7,7.83,17.24
50452,129,20057,ARTISTIC,1,8.5,7.41,17.24
50453,121,20057,ARTISTIC,2,8.4,7.41,17.24
50454,127,20057,ARTISTIC,3,8.0,7.41,17.24
50455,110,20057,ARTISTIC,4,8.1,7.41,17.24
50456,143,20058,EXECUTION,1,8.5,7.68,17.39
50457,131,20058,EXECUTION,2,8.4,7.68,17.39
50458,134,20058,EXECUTION,3,8.3,7.68,17.39
50459,125,20058,EXECUTION,4,8.4,7.68,17.39
50460,121,20058,ARTISTIC,1,8.2,7.71,17.39
50461,112,20058,ARTISTIC,2,7.4,7.71,17.39
50462,130,20058,ARTISTIC,3,7.5,7.71,17.39
50463,135,20058,ARTISTIC,4,8.1,7.71,17.39
50464,115,20059,EXECUTION,1,8.9,7.96,18.08
50465,120,20059,EXECUTION,2,8.4,7.96,18.08
50466,119,20059,EXECUTION,3,7.6,7.96,18.08
50467,146,20059,EXECUTION,4,8.1,7.96,18.08
50468,114,20059,ARTISTIC,1,8.1,8.12,18.08
50469,145,20059,ARTISTIC,2,8.8,8.12,18.08
50470,132,20059,ARTISTIC,3,7.8,8.12,18.08
50471,121,20059,ARTISTIC,4,7.7,8.12,18.08
50472,150,20060,EXECUTION,1,7.4,8.31,18.8
50473,110,20060,EXECUTION,2,8.7,8.31,18.8
50474,119,20060,EXECUTION,3,7.5,8.31,18.8
50475,103,20060,EXECUTION,4,8.1,8.31,18.8
50476,148,20060,ARTISTIC,1,7.5,8.49,18.8
50477,106,20060,ARTISTIC,2,7.2,8.49,18.8
50478,123,20060,ARTISTIC,3,8.5,8.49,18.8
50479,129,20060,ARTISTIC,4,7.5,8.49,18.8
50480,104,20061,EXECUTION,1,7.2,7.83,18.26
50481,143,20061,EXECUTION,2,8.5,7.83,18.26
50482,134,20061,EXECUTION,3,7.0,7.83,18.26
50483,115,20061,EXECUTION,4,8.1,7.83,18.26
50484,141,20061,ARTISTIC,1,8.9,8.43,18.26
50485,147,20061,ARTISTIC,2,7.8,8.43,18.26
50486,150,20061,ARTISTIC,3,8.9,8.43,18.26
50487,107,20061,ARTISTIC,4,8.8,8.43,18.26
50488,131,20062,EXECUTION,1,8.1,8.82,18.0
50489,142,20062,EXECUTION,2,8.1,8.82,18.0
50490,113,20062,EXECUTION,3,8.4,8.82,18.0
50491,119,20062,EXECUTION,4,8.9,8.82,18.0
50492,121,20062,ARTISTIC,1,8.8,7.18,18.0
50493,147,20062,ARTISTIC,2,7.4,7.18,18.0
50494,149,20062,ARTISTIC,3,8.8,7.18,18.0
50495,104,20062,ARTISTIC,4,7.4,7.18,18.0
50496,103,20063,EXECUTION,1,9.0,8.14,17.35
50497,126,20063,EXECUTION,2,7.6,8.14,17.35
50498,132,20063,EXECUTION,3,9.0,8.14,17.35
50499,112,20063,EXECUTION,4,8.1,8.14,17.35
50500,119,20063,ARTISTIC,1,8.0,7.21,17.35
50501,150,20063,ARTISTIC,2,8.9,7.21,17.35
50502,101,20063,ARTISTIC,3,8.7,7.21,17.35
50503,120,20063,ARTISTIC,4,7.9,7.21,17.35
50504,113,20064,EXECUTION,1,7.6,7.03,16.7
50505,108,20064,EXECUTION,2,8.3,7.03,16.7
50506,122,20064,EXECUTION,3,7.4,7.03,16.7
50507,111,20064,EXECUTION,4,8.2,7.03,16.7
50508,130,20064,ARTISTIC,1,8.3,7.67,16.7
50509,142,20064,ARTISTIC,2,7.8,7.67,16.7
50510,117,20064,ARTISTIC,3,7.9,7.67,16.7
50511,112,20064,ARTISTIC,4,7.7,7.67,16.7
50512,126,20065,EXECUTION,1,7.9,7.01,16.78
50513,143,20065,EXECUTION,2,7.5,7.01,16.78
50514,107,20065,EXECUTION,3,7.7,7.01,16.78
50515,112,20065,EXECUTION,4,8.2,7.01,16.78
50516,109,20065,ARTISTIC,1,8.1,7.77,16.78
50517,131,20065,ARTISTIC,2,7.5,7.77,16.78
50518,121,20065,ARTISTIC,3,7.7,7.77,16.78
50519,116,20065,ARTISTIC,4,7.5,7.77,16.78
50520,143,20066,EXECUTION,1,8.5,8.85,19.63
50521,108,20066,EXECUTION,2,8.4,8.85,19.63
50522,130,20066,EXECUTION,3,8.3,8.85,19.63
50523,120,20066,EXECUTION,4,8.9,8.85,19.63
50524,111,20066,ARTISTIC,1,7.7,8.78,19.63
50525,126,20066,ARTISTIC,2,7.4,8.78,19.63
50526,144,20066,ARTISTIC,3,8.9,8.78,19.63
50527,133,20066,ARTISTIC,4,8.0,8.78,19.63
50528,130,20067,EXECUTION,1,8.7,8.51,19.11
50529,148,20067,EXECUTION,2,8.5,8.51,19.11
50530,139,20067,EXECUTION,3,8.4,8.51,19.11
50531,124,20067,EXECUTION,4,8.2,8.51,19.11
50532,127,20067,ARTISTIC,1,8.6,8.6,19.11
50533,145,20067,ARTISTIC,2,8.1,8.6,19.11
50534,136,20067,ARTISTIC,3,8.1,8.6,19.11
50535,131,20067,ARTISTIC,4,7.7,8.6,19.11
50536,137,20068,EXECUTION,1,8.0,7.3,16.96
50537,108,20068,EXECUTION,2,7.2,7.3,16.96
50538,104,20068,EXECUTION,3,7.4,7.3,16.96
50539,136,20068,EXECUTION,4,8.2,7.3,16.96
50540,133,20068,ARTISTIC,1,7.2,7.66,16.96
50541,113,20068,ARTISTIC,2,8.0,7.66,16.96
50542,150,20068,ARTISTIC,3,8.6,7.66,16.96
50543,135,20068,ARTISTIC,4,7.9,7.66,16.96
50544,133,20069,EXECUTION,1,8.6,8.45,18.24
50545,127,20069,EXECUTION,2,8.5,8.45,18.24
50546,130,20069,EXECUTION,3,8.2,8.45,18.24
50547,137,20069,EXECUTION,4,7.1,8.45,18.24
50548,104,20069,ARTISTIC,1,7.7,7.79,18.24
50549,136,20069,ARTISTIC,2,7.1,7.79,18.24
50550,148,20069,ARTISTIC,3,9.0,7.79,18.24
50551,120,20069,ARTISTIC,4,8.9,7.79,18.24
50552,105,20070,EXECUTION,1,7.8,8.96,19.25
50553,131,20070,EXECUTION,2,9.0,8.96,19.25
50554,103,20070,EXECUTION,3,7.8,8.96,19.25
50555,119,20070,EXECUTION,4,8.7,8.96,19.25
50556,127,20070,ARTISTIC,1,8.8,8.29,19.25
50557,112,20070,ARTISTIC,2,7.8,8.29,19.25
50558,109,20070,ARTISTIC,3,8.4,8.29,19.25
50559,142,20070,ARTISTIC,4,8.3,8.29,19.25
50560,135,20071,EXECUTION,1,7.4,8.06,18.52
50561,109,20071,EXECUTION,2,7.0,8.06,18.52
50562,142,20071,EXECUTION,3,7.0,8.06,18.52
50563,123,20071,EXECUTION,4,7.6,8.06,18.52
50564,108,20071,ARTISTIC,1,8.3,8.46,18.52
50565,112,20071,ARTISTIC,2,8.1,8.46,18.52
50566,150,20071,ARTISTIC,3,8.1,8.46,18.52
50567,126,20071,ARTISTIC,4,8.6,8.46,18.52
50568,116,20072,EXECUTION,1,8.5,8.62,18.46
50569,130,20072,EXECUTION,2,8.8,8.62,18.46
50570,123,20072,EXECUTION,3,7.0,8.62,18.46
50571,110,20072,EXECUTION,4,7.4,8.62,18.46
50572,118,20072,ARTISTIC,1,7.2,7.84,18.46
50573,113,20072,ARTISTIC,2,7.1,7.84,18.46
50574,108,20072,ARTISTIC,3,8.2,7.84,18.46
50575,103,20072,ARTISTIC,4,8.4,7.84,18.46
50576,104,20073,EXECUTION,1,7.1,7.43,18.16
50577,116,20073,EXECUTION,2,8.0,7.43,18.16
50578,148,20073,EXECUTION,3,7.6,7.43,18.16
50579,103,20073,EXECUTION,4,8.6,7.43,18.16
50580,126,20073,ARTISTIC,1,8.5,8.73,18.16
50581,129,20073,ARTISTIC,2,7.6,8.73,18.16
50582,115,20073,ARTISTIC,3,8.2,8.73,18.16
50583,135,20073,ARTISTIC,4,8.3,8.73,18.16
50584,121,20074,EXECUTION,1,8.9,7.6,16.72
50585,116,20074,EXECUTION,2,8.8,7.6,16.72
50586,120,20074,EXECUTION,3,8.8,7.6,16.72
50587,110,20074,EXECUTION,4,8.3,7.6,16.72
50588,143,20074,ARTISTIC,1,7.9,7.12,16.72
50589,134,20074,ARTISTIC,2,8.0,7.12,16.72
50590,115,20074,ARTISTIC,3,8.9,7.12,16.72
50591,127,20074,ARTISTIC,4,8.9,7.12,16.72
50592,143,20075,EXECUTION,1,8.1,7.6,16.97
50593,125,20075,EXECUTION,2,7.5,7.6,16.97
50594,134,20075,EXECUTION,3,7.5,7.6,16.97
50595,121,20075,EXECUTION,4,8.7,7.6,16.97
50596,145,20075,ARTISTIC,1,7.3,7.37,16.97
50597,127,20075,ARTISTIC,2,7.9,7.37,16.97
50598,146,20075,ARTISTIC,3,7.1,7.37,16.97
50599,110,20075,ARTISTIC,4,7.8,7.37,16.97
50600,127,20076,EXECUTION,1,7.9,7.66,16.82
50601,136,20076,EXECUTION,2,7.7,7.66,16.82
50602,134,20076,EXECUTION,3,8.1,7.66,16.82
50603,109,20076,EXECUTION,4,8.7,7.66,16.82
50604,125,20076,ARTISTIC,1,7.1,7.16,16.82
50605,116,20076,ARTISTIC,2,7.8,7.16,16.82
50606,117,20076,ARTISTIC,3,8.2,7.16,16.82
50607,114,20076,ARTISTIC,4,7.1,7.16,16.82
50608,105,20077,EXECUTION,1,7.6,7.42,18.23
50609,113,20077,EXECUTION,2,8.8,7.42,18.23
50610,138,20077,EXECUTION,3,7.4,7.42,18.23
50611,147,20077,EXECUTION,4,7.4,7.42,18.23
50612,143,20077,ARTISTIC,1,8.5,8.81,18.23
50613,136,20077,ARTISTIC,2,8.5,8.81,18.23
50614,114,20077,ARTISTIC,3,8.5,8.81,18.23
50615,131,20077,ARTISTIC,4,8.8,8.81,18.23
50616,145,20078,EXECUTION,1,8.1,8.55,18.31
50617,139,20078,EXECUTION,2,7.7,8.55,18.31
50618,146,20078,EXECUTION,3,7.5,8.55,18.31
50619,114,20078,EXECUTION,4,8.0,8.55,18.31
50620,126,20078,ARTISTIC,1,8.0,7.76,18.31
50621,116,20078,ARTISTIC,2,7.2,7.76,18.31
50622,136,20078,ARTISTIC,3,9.0,7.76,18.31
50623,121,20078,ARTISTIC,4,7.9,7.76,18.31
50624,121,20079,EXECUTION,1,8.1,8.48,17.51
50625,114,20079,EXECUTION,2,8.2,8.48,17.51
50626,124,20079,EXECUTION,3,8.4,8.48,17.51
50627,150,20079,EXECUTION,4,7.6,8.48,17.51
50628,127,20079,ARTISTIC,1,7.4,7.03,17.51
50629,103,20079,ARTISTIC,2,7.5,7.03,17.51
50630,137,20079,ARTISTIC,3,8.1,7.03,17.51
50631,115,20079,ARTISTIC,4,7.5,7.03,17.51
50632,136,20080,EXECUTION,1,7.7,7.92,18.39
50633,142,20080,EXECUTION,2,7.3,7.92,18.39
50634,144,20080,EXECUTION,3,8.1,7.92,18.39
50635,122,20080,EXECUTION,4,7.4,7.92,18.39
50636,117,20080,ARTISTIC,1,8.8,8.47,18.39
50637,132,20080,ARTISTIC,2,9.0,8.47,18.39
50638,149,20080,ARTISTIC,3,8.9,8.47,18.39
50639,145,20080,ARTISTIC,4,8.0,8.47,18.39
50640,105,20081,EXECUTION,1,7.4,7.14,16.44
50641,143,20081,EXECUTION,2,7.9,7.14,16.44
50642,104,20081,EXECUTION,3,7.1,7.14,16.44
50643,101,20081,EXECUTION,4,8.3,7.14,16.44
50644,127,20081,ARTISTIC,1,8.9,7.3,16.44
50645,109,20081,ARTISTIC,2,8.8,7.3,16.44
50646,141,20081,ARTISTIC,3,8.3,7.3,16.44
50647,115,20081,ARTISTIC,4,7.0,7.3,16.44
50648,135,20082,EXECUTION,1,8.6,8.95,17.98
50649,136,20082,EXECUTION,2,8.3,8.95,17.98
50650,127,20082,EXECUTION,3,8.6,8.95,17.98
50651,101,20082,EXECUTION,4,8.8,8.95,17.98
50652,102,20082,ARTISTIC,1,7.2,7.03,17.98
50653,134,20082,ARTISTIC,2,7.2,7.03,17.98
50654,118,20082,ARTISTIC,3,7.3,7.03,17.98
50655,150,20082,ARTISTIC,4,7.4,7.03,17.98
50656,134,20083,EXECUTION,1,8.4,7.92,17.41
50657,117,20083,EXECUTION,2,7.6,7.92,17.41
50658,123,20083,EXECUTION,3,8.7,7.92,17.41
50659,118,20083,EXECUTION,4,7.2,7.92,17.41
50660,126,20083,ARTISTIC,1,9.0,7.49,17.41
50661,106,20083,ARTISTIC,2,8.3,7.49,17.41
50662,124,20083,ARTISTIC,3,7.1,7.49,17.41
50663,146,20083,ARTISTIC,4,7.8,7.49,17.41
50664,125,20084,EXECUTION,1,8.6,8.0,17.87
50665,136,20084,EXECUTION,2,8.1,8.0,17.87
50666,131,20084,EXECUTION,3,8.7,8.0,17.87
50667,104,20084,EXECUTION,4,7.2,8.0,17.87
50668,141,20084,ARTISTIC,1,8.1,7.87,17.87
50669,101,20084,ARTISTIC,2,7.1,7.87,17.87
50670,111,20084,ARTISTIC,3,7.4,7.87,17.87
50671,106,20084,ARTISTIC,4,8.7,7.87,17.87
50672,137,20085,EXECUTION,1,8.9,8.13,17.2
50673,131,20085,EXECUTION,2,7.6,8.13,17.2
50674,118,20085,EXECUTION,3,8.9,8.13,17.2
50675,103,20085,EXECUTION,4,8.2,8.13,17.2
50676,105,20085,ARTISTIC,1,8.5,7.07,17.2
50677,144,20085,ARTISTIC,2,8.4,7.07,17.2
50678,148,20085,ARTISTIC,3,7.8,7.07,17.2
50679,135,20085,ARTISTIC,4,7.2,7.07,17.2
50680,111,20086,EXECUTION,1,8.6,7.77,18.25
50681,137,20086,EXECUTION,2,8.4,7.77,18.25
50682,116,20086,EXECUTION,3,7.2,7.77,18.25
50683,149,20086,EXECUTION,4,8.5,7.77,18.25
50684,125,20086,ARTISTIC,1,7.7,8.48,18.25
50685,144,20086,ARTISTIC,2,7.2,8.48,18.25
50686,135,20086,ARTISTIC,3,7.5,8.48,18.25
50687,122,20086,ARTISTIC,4,7.2,8.48,18.25
50688,139,20087,EXECUTION,1,7.5,8.57,18.47
50689,140,20087,EXECUTION,2,8.1,8.57,18.47
50690,150,20087,EXECUTION,3,7.8,8.57,18.47
50691,126,20087,EXECUTION,4,7.4,8.57,18.47
50692,121,20087,ARTISTIC,1,8.2,7.9,18.47
50693,102,20087,ARTISTIC,2,7.8,7.9,18.47
50694,141,20087,ARTISTIC,3,8.5,7.9,18.47
50695,118,20087,ARTISTIC,4,7.6,7.9,18.47
50696,116,20088,EXECUTION,1,7.7,7.31,17.09
50697,146,20088,EXECUTION,2,7.2,7.31,17.09
50698,105,20088,EXECUTION,3,8.9,7.31,17.09
50699,106,20088,EXECUTION,4,7.9,7.31,17.09
50700,118,20088,ARTISTIC,1,8.5,7.78,17.09
50701,110,20088,ARTISTIC,2,7.2,7.78,17.09
50702,125,20088,ARTISTIC,3,7.2,7.78,17.09
50703,141,20088,ARTISTIC,4,7.9,7.78,17.09
50704,136,20089,EXECUTION,1,8.6,8.11,18.3
50705,150,20089,EXECUTION,2,8.7,8.11,18.3
50706,133,20089,EXECUTION,3,7.0,8.11,18.3
50707,127,20089,EXECUTION,4,7.8,8.11,18.3
50708,107,20089,ARTISTIC,1,8.6,8.19,18.3
50709,102,20089,ARTISTIC,2,8.4,8.19,18.3
50710,106,20089,ARTISTIC,3,8.1,8.19,18.3
50711,123,20089,ARTISTIC,4,9.0,8.19,18.3
50712,116,20090,EXECUTION,1,7.3,7.54,17.08
50713,137,20090,EXECUTION,2,7.3,7.54,17.08
50714,134,20090,EXECUTION,3,7.6,7.54,17.08
50715,111,20090,EXECUTION,4,7.6,7.54,17.08
50716,144,20090,ARTISTIC,1,8.6,7.54,17.08
50717,125,20090,ARTISTIC,2,7.7,7.54,17.08
50718,147,20090,ARTISTIC,3,8.9,7.54,17.08
50719,109,20090,ARTISTIC,4,8.4,7.54,17.08
50720,132,20091,EXECUTION,1,8.7,7.01,16.8
50721,139,20091,EXECUTION,2,7.8,7.01,16.8
50722,140,20091,EXECUTION,3,8.7,7.01,16.8
50723,113,20091,EXECUTION,4,7.9,7.01,16.8
50724,130,20091,ARTISTIC,1,7.9,7.79,16.8
50725,107,20091,ARTISTIC,2,8.6,7.79,16.8
50726,109,20091,ARTISTIC,3,8.3,7.79,16.8
50727,120,20091,ARTISTIC,4,8.2,7.79,16.8
50728,120,20092,EXECUTION,1,7.6,8.93,19.87
50729,121,20092,EXECUTION,2,8.4,8.93,19.87
50730,139,20092,EXECUTION,3,8.0,8.93,19.87
50731,145,20092,EXECUTION,4,8.2,8.93,19.87
50732,113,20092,ARTISTIC,1,7.5,8.94,19.87
50733,131,20092,ARTISTIC,2,7.8,8.94,19.87
50734,149,20092,ARTISTIC,3,8.6,8.94,19.87
50735,112,20092,ARTISTIC,4,7.8,8.94,19.87
50736,108,20093,EXECUTION,1,8.9,7.05,17.5
50737,137,20093,EXECUTION,2,7.4,7.05,17.5
50738,113,20093,EXECUTION,3,8.6,7.05,17.5
50739,138,20093,EXECUTION,4,8.7,7.05,17.5
50740,135,20093,ARTISTIC,1,7.1,8.45,17.5
50741,112,20093,ARTISTIC,2,8.7,8.45,17.5
50742,144,20093,ARTISTIC,3,8.6,8.45,17.5
50743,136,20093,ARTISTIC,4,8.3,8.45,17.5
50744,109,20094,EXECUTION,1,9.0,8.58,17.73
50745,141,20094,EXECUTION,2,8.0,8.58,17.73
50746,120,20094,EXECUTION,3,7.8,8.58,17.73
50747,116,20094,EXECUTION,4,8.0,8.58,17.73
50748,117,20094,ARTISTIC,1,8.8,7.15,17.73
50749,143,20094,ARTISTIC,2,8.4,7.15,17.73
50750,110,20094,ARTISTIC,3,8.1,7.15,17.73
50751,128,20094,ARTISTIC,4,8.6,7.15,17.73
50752,124,20095,EXECUTION,1,8.3,8.32,18.03
50753,145,20095,EXECUTION,2,7.1,8.32,18.03
50754,135,20095,EXECUTION,3,9.0,8.32,18.03
50755,139,20095,EXECUTION,4,8.4,8.32,18.03
50756,141,20095,ARTISTIC,1,7.8,7.71,18.03
50757,106,20095,ARTISTIC,2,8.5,7.71,18.03
50758,107,20095,ARTISTIC,3,8.9,7.71,18.03
50759,116,20095,ARTISTIC,4,7.9,7.71,18.03
50760,101,20096,EXECUTION,1,7.7,8.38,17.82
50761,107,20096,EXECUTION,2,7.9,8.38,17.82
50762,117,20096,EXECUTION,3,8.4,8.38,17.82
50763,115,20096,EXECUTION,4,8.4,8.38,17.82
50764,133,20096,ARTISTIC,1,7.3,7.44,17.82
50765,134,20096,ARTISTIC,2,9.0,7.44,17.82
50766,136,20096,ARTISTIC,3,8.0,7.44,17.82
50767,138,20096,ARTISTIC,4,7.6,7.44,17.82
50768,106,20097,EXECUTION,1,7.7,8.57,18.61
50769,108,20097,EXECUTION,2,7.2,8.57,18.61
50770,147,20097,EXECUTION,3,8.4,8.57,18.61
50771,110,20097,EXECUTION,4,7.9,8.57,18.61
50772,123,20097,ARTISTIC,1,7.1,8.04,18.61
50773,120,20097,ARTISTIC,2,7.1,8.04,18.61
50774,122,20097,ARTISTIC,3,8.4,8.04,18.61
50775,130,20097,ARTISTIC,4,7.0,8.04,18.61
50776,122,20098,EXECUTION,1,7.9,8.1,17.76
50777,142,20098,EXECUTION,2,7.9,8.1,17.76
50778,107,20098,EXECUTION,3,8.6,8.1,17.76
50779,144,20098,EXECUTION,4,8.3,8.1,17.76
50780,111,20098,ARTISTIC,1,7.4,7.66,17.76
50781,116,20098,ARTISTIC,2,8.3,7.66,17.76
50782,134,20098,ARTISTIC,3,7.8,7.66,17.76
50783,112,20098,ARTISTIC,4,8.5,7.66,17.76
50784,113,20099,EXECUTION,1,8.6,7.56,17.97
50785,129,20099,EXECUTION,2,8.2,7.56,17.97
50786,138,20099,EXECUTION,3,8.6,7.56,17.97
50787,128,20099,EXECUTION,4,8.1,7.56,17.97
50788,125,20099,ARTISTIC,1,7.7,8.41,17.97
50789,101,20099,ARTISTIC,2,7.4,8.41,17.97
50790,114,20099,ARTISTIC,3,7.2,8.41,17.97
50791,144,20099,ARTISTIC,4,8.3,8.41,17.97
50792,132,20100,EXECUTION,1,8.7,8.17,17.87
50793,134,20100,EXECUTION,2,8.2,8.17,17.87
50794,141,20100,EXECUTION,3,8.6,8.17,17.87
50795,121,20100,EXECUTION,4,8.4,8.17,17.87
50796,139,20100,ARTISTIC,1,7.6,7.7,17.87
50797,125,20100,ARTISTIC,2,8.2,7.7,17.87
50798,140,20100,ARTISTIC,3,7.2,7.7,17.87
50799,126,20100,ARTISTIC,4,7.3,7.7,17.87
50800,108,20101,EXECUTION,1,8.1,7.78,17.97
50801,116,20101,EXECUTION,2,7.8,7.78,17.97
50802,120,20101,EXECUTION,3,8.0,7.78,17.97
50803,150,20101,EXECUTION,4,8.1,7.78,17.97
50804,112,20101,ARTISTIC,1,8.8,8.19,17.97
50805,124,20101,ARTISTIC,2,8.9,8.19,17.97
50806,110,20101,ARTISTIC,3,7.3,8.19,17.97
50807,133,20101,ARTISTIC,4,7.3,8.19,17.97
50808,119,20102,EXECUTION,1,7.4,8.9,18.87
50809,109,20102,EXECUTION,2,7.8,8.9,18.87
50810,112,20102,EXECUTION,3,8.1,8.9,18.87
50811,121,20102,EXECUTION,4,8.3,8.9,18.87
50812,129,20102,ARTISTIC,1,7.8,7.97,18.87
50813,140,20102,ARTISTIC,2,8.0,7.97,18.87
50814,104,20102,ARTISTIC,3,8.4,7.97,18.87
50815,123,20102,ARTISTIC,4,7.9,7.97,18.87
50816,111,20103,EXECUTION,1,8.6,7.45,17.03
50817,106,20103,EXECUTION,2,8.1,7.45,17.03
50818,137,20103,EXECUTION,3,8.5,7.45,17.03
50819,102,20103,EXECUTION,4,8.0,7.45,17.03
50820,115,20103,ARTISTIC,1,8.0,7.58,17.03
50821,119,20103,ARTISTIC,2,8.1,7.58,17.03
50822,103,20103,ARTISTIC,3,7.5,7.58,17.03
50823,118,20103,ARTISTIC,4,8.1,7.58,17.03
50824,124,20104,EXECUTION,1,8.5,7.2,17.86
50825,135,20104,EXECUTION,2,7.6,7.2,17.86
50826,103,20104,EXECUTION,3,9.0,7.2,17.86
50827,147,20104,EXECUTION,4,7.9,7.2,17.86
50828,129,20104,ARTISTIC,1,7.7,8.66,17.86
50829,149,20104,ARTISTIC,2,8.6,8.66,17.86
50830,114,20104,ARTISTIC,3,7.9,8.66,17.86
50831,128,20104,ARTISTIC,4,9.0,8.66,17.86
50832,150,20105,EXECUTION,1,8.6,7.86,18.09
50833,116,20105,EXECUTION,2,8.6,7.86,18.09
50834,114,20105,EXECUTION,3,8.6,7.86,18.09
50835,138,20105,EXECUTION,4,8.1,7.86,18.09
50836,145,20105,ARTISTIC,1,8.1,8.23,18.09
50837,123,20105,ARTISTIC,2,8.2,8.23,18.09
50838,140,20105,ARTISTIC,3,7.3,8.23,18.09
50839,141,20105,ARTISTIC,4,9.0,8.23,18.09
50840,119,20106,EXECUTION,1,8.8,8.93,19.5
50841,150,20106,EXECUTION,2,9.0,8.93,19.5
50842,137,20106,EXECUTION,3,8.7,8.93,19.5
50843,118,20106,EXECUTION,4,7.3,8.93,19.5
50844,133,20106,ARTISTIC,1,8.7,8.57,19.5
50845,144,20106,ARTISTIC,2,7.5,8.57,19.5
50846,107,20106,ARTISTIC,3,8.4,8.57,19.5
50847,109,20106,ARTISTIC,4,8.7,8.57,19.5
50848,149,20107,EXECUTION,1,7.2,8.26,18.01
50849,144,20107,EXECUTION,2,8.6,8.26,18.01
50850,126,20107,EXECUTION,3,8.5,8.26,18.01
50851,132,20107,EXECUTION,4,7.8,8.26,18.01
50852,110,20107,ARTISTIC,1,8.5,7.75,18.01
50853,137,20107,ARTISTIC,2,8.4,7.75,18.01
50854,141,20107,ARTISTIC,3,8.8,7.75,18.01
50855,118,20107,ARTISTIC,4,7.9,7.75,18.01
50856,132,20108,EXECUTION,1,8.6,8.39,19.09
50857,121,20108,EXECUTION,2,7.8,8.39,19.09
50858,138,20108,EXECUTION,3,8.9,8.39,19.09
50859,101,20108,EXECUTION,4,8.6,8.39,19.09
50860,106,20108,ARTISTIC,1,8.0,8.7,19.09
50861,130,20108,ARTISTIC,2,7.6,8.7,19.09
50862,141,20108,ARTISTIC,3,7.6,8.7,19.09
50863,143,20108,ARTISTIC,4,8.1,8.7,19.09
50864,109,20109,EXECUTION,1,7.0,8.25,18.92
50865,137,20109,EXECUTION,2,8.9,8.25,18.92
50866,132,20109,EXECUTION,3,7.3,8.25,18.92
50867,122,20109,EXECUTION,4,7.9,8.25,18.92
50868,144,20109,ARTISTIC,1,9.0,8.67,18.92
50869,104,20109,ARTISTIC,2,7.9,8.67,18.92
50870,103,20109,ARTISTIC,3,9.0,8.67,18.92
50871,107,20109,ARTISTIC,4,8.8,8.67,18.92
50872,142,20110,EXECUTION,1,8.3,7.16,17.49
50873,120,20110,EXECUTION,2,7.1,7.16,17.49
50874,111,20110,EXECUTION,3,8.3,7.16,17.49
50875,118,20110,EXECUTION,4,8.5,7.16,17.49
50876,106,20110,ARTISTIC,1,8.5,8.33,17.49
50877,150,20110,ARTISTIC,2,7.9,8.33,17.49
50878,124,20110,ARTISTIC,3,7.2,8.33,17.49
50879,117,20110,ARTISTIC,4,7.2,8.33,17.49
50880,114,20111,EXECUTION,1,8.6,7.02,17.41
50881,131,20111,EXECUTION,2,9.0,7.02,17.41
50882,105,20111,EXECUTION,3,7.8,7.02,17.41
50883,109,20111,EXECUTION,4,7.3,7.02,17.41
50884,138,20111,ARTISTIC,1,7.1,8.39,17.41
50885,115,20111,ARTISTIC,2,7.8,8.39,17.41
50886,134,20111,ARTISTIC,3,8.5,8.39,17.41
50887,129,20111,ARTISTIC,4,7.2,8.39,17.41
50888,121,20112,EXECUTION,1,8.2,7.14,17.27
50889,124,20112,EXECUTION,2,7.3,7.14,17.27
50890,120,20112,EXECUTION,3,7.7,7.14,17.27
50891,109,20112,EXECUTION,4,7.4,7.14,17.27
50892,125,20112,ARTISTIC,1,8.5,8.13,17.27
50893,147,20112,ARTISTIC,2,8.8,8.13,17.27
50894,142,20112,ARTISTIC,3,8.2,8.13,17.27
50895,110,20112,ARTISTIC,4,7.9,8.13,17.27
50896,114,20113,EXECUTION,1,7.3,8.93,18.56
50897,106,20113,EXECUTION,2,7.6,8.93,18.56
50898,107,20113,EXECUTION,3,7.2,8.93,18.56
50899,109,20113,EXECUTION,4,8.1,8.93,18.56
50900,108,20113,ARTISTIC,1,8.2,7.63,18.56
50901,138,20113,ARTISTIC,2,8.2,7.63,18.56
50902,125,20113,ARTISTIC,3,8.6,7.63,18.56
50903,123,20113,ARTISTIC,4,8.4,7.63,18.56
50904,143,20114,EXECUTION,1,8.8,7.59,16.7
50905,120,20114,EXECUTION,2,8.9,7.59,16.7
50906,114,20114,EXECUTION,3,8.0,7.59,16.7
50907,134,20114,EXECUTION,4,7.2,7.59,16.7
50908,139,20114,ARTISTIC,1,8.0,7.11,16.7
50909,133,20114,ARTISTIC,2,8.2,7.11,16.7
50910,113,20114,ARTISTIC,3,8.1,7.11,16.7
50911,126,20114,ARTISTIC,4,9.0,7.11,16.7
50912,124,20115,EXECUTION,1,8.9,8.37,18.9
50913,121,20115,EXECUTION,2,8.5,8.37,18.9
50914,109,20115,EXECUTION,3,7.0,8.37,18.9
50915,125,20115,EXECUTION,4,7.1,8.37,18.9
50916,137,20115,ARTISTIC,1,7.5,8.53,18.9
50917,127,20115,ARTISTIC,2,7.1,8.53,18.9
50918,150,20115,ARTISTIC,3,7.1,8.53,18.9
50919,135,20115,ARTISTIC,4,8.6,8.53,18.9
50920,133,20116,EXECUTION,1,8.2,7.16,17.23
50921,119,20116,EXECUTION,2,7.6,7.16,17.23
50922,141,20116,EXECUTION,3,7.6,7.16,17.23
50923,146,20116,EXECUTION,4,8.0,7.16,17.23
50924,150,20116,ARTISTIC,1,7.4,8.07,17.23
50925,127,20116,ARTISTIC,2,8.6,8.07,17.23
50926,128,20116,ARTISTIC,3,8.1,8.07,17.23
50927,126,20116,ARTISTIC,4,7.8,8.07,17.23
50928,141,20117,EXECUTION,1,7.1,8.46,19.15
50929,149,20117,EXECUTION,2,7.2,8.46,19.15
50930,142,20117,EXECUTION,3,7.9,8.46,19.15
50931,144,20117,EXECUTION,4,7.9,8.46,19.15
50932,148,20117,ARTISTIC,1,8.2,8.69,19.15
50933,105,20117,ARTISTIC,2,7.6,8.69,19.15
50934,120,20117,ARTISTIC,3,8.5,8.69,19.15
50935,128,20117,ARTISTIC,4,8.5,8.69,19.15
50936,108,20118,EXECUTION,1,8.6,8.91,18.96
50937,101,20118,EXECUTION,2,8.4,8.91,18.96
50938,146,20118,EXECUTION,3,7.3,8.91,18.96
50939,109,20118,EXECUTION,4,7.3,8.91,18.96
50940,145,20118,ARTISTIC,1,8.6,8.05,18.96
50941,149,20118,ARTISTIC,2,7.5,8.05,18.96
50942,111,20118,ARTISTIC,3,8.8,8.05,18.96
50943,132,20118,ARTISTIC,4,8.5,8.05,18.96
50944,102,20119,EXECUTION,1,8.0,8.26,18.25
50945,122,20119,EXECUTION,2,7.1,8.26,18.25
50946,128,20119,EXECUTION,3,8.7,8.26,18.25
50947,118,20119,EXECUTION,4,7.3,8.26,18.25
50948,134,20119,ARTISTIC,1,7.3,7.99,18.25
50949,105,20119,ARTISTIC,2,8.5,7.99,18.25
50950,117,20119,ARTISTIC,3,8.8,7.99,18.25
50951,137,20119,ARTISTIC,4,8.3,7.99,18.25
50952,108,20120,EXECUTION,1,8.8,7.09,16.82
50953,115,20120,EXECUTION,2,7.4,7.09,16.82
50954,148,20120,EXECUTION,3,8.9,7.09,16.82
50955,133,20120,EXECUTION,4,7.1,7.09,16.82
50956,101,20120,ARTISTIC,1,8.6,7.73,16.82
50957,103,20120,ARTISTIC,2,8.4,7.73,16.82
50958,146,20120,ARTISTIC,3,8.3,7.73,16.82
50959,116,20120,ARTISTIC,4,7.4,7.73,16.82
50960,116,20121,EXECUTION,1,7.1,7.24,17.59
50961,127,20121,EXECUTION,2,7.4,7.24,17.59
50962,147,20121,EXECUTION,3,8.0,7.24,17.59
50963,121,20121,EXECUTION,4,7.1,7.24,17.59
50964,118,20121,ARTISTIC,1,7.8,8.35,17.59
50965,105,20121,ARTISTIC,2,8.8,8.35,17.59
50966,137,20121,ARTISTIC,3,8.7,8.35,17.59
50967,124,20121,ARTISTIC,4,8.5,8.35,17.59
50968,120,20122,EXECUTION,1,8.5,7.58,18.15
50969,121,20122,EXECUTION,2,7.5,7.58,18.15
50970,106,20122,EXECUTION,3,7.7,7.58,18.15
50971,136,20122,EXECUTION,4,8.9,7.58,18.15
50972,130,20122,ARTISTIC,1,9.0,8.57,18.15
50973,101,20122,ARTISTIC,2,8.6,8.57,18.15
50974,124,20122,ARTISTIC,3,8.5,8.57,18.15
50975,113,20122,ARTISTIC,4,8.1,8.57,18.15
50976,116,20123,EXECUTION,1,7.0,8.27,18.66
50977,110,20123,EXECUTION,2,7.7,8.27,18.66
50978,101,20123,EXECUTION,3,8.5,8.27,18.66
50979,127,20123,EXECUTION,4,7.8,8.27,18.66
50980,102,20123,ARTISTIC,1,8.5,8.39,18.66
50981,115,20123,ARTISTIC,2,7.6,8.39,18.66
50982,135,20123,ARTISTIC,3,7.4,8.39,18.66
50983,123,20123,ARTISTIC,4,9.0,8.39,18.66
50984,127,20124,EXECUTION,1,8.0,8.84,19.63
50985,132,20124,EXECUTION,2,8.4,8.84,19.63
50986,104,20124,EXECUTION,3,7.7,8.84,19.63
50987,110,20124,EXECUTION,4,8.9,8.84,19.63
50988,146,20124,ARTISTIC,1,7.2,8.79,19.63
50989,118,20124,ARTISTIC,2,7.2,8.79,19.63
50990,106,20124,ARTISTIC,3,7.3,8.79,19.63
50991,103,20124,ARTISTIC,4,8.6,8.79,19.63
50992,105,20125,EXECUTION,1,8.9,7.58,18.28
50993,138,20125,EXECUTION,2,7.8,7.58,18.28
50994,137,20125,EXECUTION,3,8.7,7.58,18.28
50995,104,20125,EXECUTION,4,7.7,7.58,18.28
50996,128,20125,ARTISTIC,1,7.9,8.7,18.28
50997,143,20125,ARTISTIC,2,7.5,8.7,18.28
50998,109,20125,ARTISTIC,3,8.9,8.7,18.28
50999,116,20125,ARTISTIC,4,7.3,8.7,18.28
51000,150,20126,EXECUTION,1,7.7,7.63,16.87
51001,138,20126,EXECUTION,2,8.5,7.63,16.87
51002,107,20126,EXECUTION,3,7.9,7.63,16.87
51003,110,20126,EXECUTION,4,7.9,7.63,16.87
51004,148,20126,ARTISTIC,1,8.7,7.24,16.87
51005,111,20126,ARTISTIC,2,7.2,7.24,16.87
51006,129,20126,ARTISTIC,3,8.6,7.24,16.87
51007,130,20126,ARTISTIC,4,7.6,7.24,16.87
51008,146,20127,EXECUTION,1,7.8,8.42,19.36
51009,145,20127,EXECUTION,2,7.1,8.42,19.36
51010,139,20127,EXECUTION,3,7.6,8.42,19.36
51011,103,20127,EXECUTION,4,8.6,8.42,19.36
51012,114,20127,ARTISTIC,1,7.3,8.94,19.36
51013,121,20127,ARTISTIC,2,8.9,8.94,19.36
51014,110,20127,ARTISTIC,3,8.7,8.94,19.36
51015,106,20127,ARTISTIC,4,8.1,8.94,19.36
51016,136,20128,EXECUTION,1,7.4,7.12,17.68
51017,116,20128,EXECUTION,2,7.4,7.12,17.68
51018,107,20128,EXECUTION,3,7.8,7.12,17.68
51019,130,20128,EXECUTION,4,8.4,7.12,17.68
51020,148,20128,ARTISTIC,1,8.9,8.56,17.68
51021,109,20128,ARTISTIC,2,7.2,8.56,17.68
51022,108,20128,ARTISTIC,3,8.2,8.56,17.68
51023,101,20128,ARTISTIC,4,8.8,8.56,17.68
51024,105,20129,EXECUTION,1,7.7,8.81,19.47
51025,102,20129,EXECUTION,2,7.1,8.81,19.47
51026,150,20129,EXECUTION,3,7.9,8.81,19.47
51027,113,20129,EXECUTION,4,7.3,8.81,19.47
51028,142,20129,ARTISTIC,1,8.1,8.66,19.47
51029,129,20129,ARTISTIC,2,8.6,8.66,19.47
51030,109,20129,ARTISTIC,3,7.8,8.66,19.47
51031,106,20129,ARTISTIC,4,7.1,8.66,19.47
51032,144,20130,EXECUTION,1,8.2,7.89,17.19
51033,128,20130,EXECUTION,2,8.2,7.89,17.19
51034,112,20130,EXECUTION,3,8.3,7.89,17.19
51035,123,20130,EXECUTION,4,8.0,7.89,17.19
51036,114,20130,ARTISTIC,1,8.8,7.3,17.19
51037,148,20130,ARTISTIC,2,8.0,7.3,17.19
51038,118,20130,ARTISTIC,3,7.2,7.3,17.19
51039,150,20130,ARTISTIC,4,7.8,7.3,17.19
51040,127,20131,EXECUTION,1,7.7,8.98,19.54
51041,113,20131,EXECUTION,2,8.1,8.98,19.54
51042,142,20131,EXECUTION,3,8.0,8.98,19.54
51043,134,20131,EXECUTION,4,8.8,8.98,19.54
51044,116,20131,ARTISTIC,1,8.0,8.56,19.54
51045,141,20131,ARTISTIC,2,7.8,8.56,19.54
51046,135,20131,ARTISTIC,3,7.4,8.56,19.54
51047,102,20131,ARTISTIC,4,7.6,8.56,19.54
51048,115,20132,EXECUTION,1,7.2,9.0,19.95
51049,102,20132,EXECUTION,2,8.3,9.0,19.95
51050,118,20132,EXECUTION,3,7.5,9.0,19.95
51051,104,20132,EXECUTION,4,8.6,9.0,19.95
51052,131,20132,ARTISTIC,1,8.8,8.95,19.95
51053,134,20132,ARTISTIC,2,7.1,8.95,19.95
51054,123,20132,ARTISTIC,3,9.0,8.95,19.95
51055,138,20132,ARTISTIC,4,7.4,8.95,19.95
51056,125,20133,EXECUTION,1,8.4,8.83,17.89
51057,123,20133,EXECUTION,2,8.9,8.83,17.89
51058,112,20133,EXECUTION,3,8.1,8.83,17.89
51059,148,20133,EXECUTION,4,8.1,8.83,17.89
51060,116,20133,ARTISTIC,1,7.4,7.06,17.89
51061,138,20133,ARTISTIC,2,9.0,7.06,17.89
51062,121,20133,ARTISTIC,3,8.8,7.06,17.89
51063,149,20133,ARTISTIC,4,8.0,7.06,17.89
51064,120,20134,EXECUTION,1,7.0,7.44,17.49
51065,112,20134,EXECUTION,2,8.8,7.44,17.49
51066,132,20134,EXECUTION,3,7.4,7.44,17.49
51067,103,20134,EXECUTION,4,7.3,7.44,17.49
51068,106,20134,ARTISTIC,1,8.4,8.05,17.49
51069,104,20134,ARTISTIC,2,8.8,8.05,17.49
51070,115,20134,ARTISTIC,3,8.7,8.05,17.49
51071,139,20134,ARTISTIC,4,7.6,8.05,17.49
51072,102,20135,EXECUTION,1,8.9,8.92,18.67
51073,110,20135,EXECUTION,2,7.8,8.92,18.67
51074,138,20135,EXECUTION,3,7.2,8.92,18.67
51075,146,20135,EXECUTION,4,7.6,8.92,18.67
51076,149,20135,ARTISTIC,1,7.3,7.75,18.67
51077,108,20135,ARTISTIC,2,7.3,7.75,18.67
51078,134,20135,ARTISTIC,3,8.9,7.75,18.67
51079,124,20135,ARTISTIC,4,8.6,7.75,18.67
51080,132,20136,EXECUTION,1,7.4,7.45,17.63
51081,142,20136,EXECUTION,2,7.6,7.45,17.63
51082,121,20136,EXECUTION,3,8.4,7.45,17.63
51083,112,20136,EXECUTION,4,7.3,7.45,17.63
51084,146,20136,ARTISTIC,1,8.5,8.18,17.63
51085,136,20136,ARTISTIC,2,8.9,8.18,17.63
51086,140,20136,ARTISTIC,3,8.9,8.18,17.63
51087,123,20136,ARTISTIC,4,7.8,8.18,17.63
51088,150,20137,EXECUTION,1,8.0,8.28,17.49
51089,137,20137,EXECUTION,2,7.7,8.28,17.49
51090,103,20137,EXECUTION,3,7.2,8.28,17.49
51091,112,20137,EXECUTION,4,7.7,8.28,17.49
51092,139,20137,ARTISTIC,1,7.6,7.21,17.49
51093,121,20137,ARTISTIC,2,8.3,7.21,17.49
51094,140,20137,ARTISTIC,3,8.9,7.21,17.49
51095,115,20137,ARTISTIC,4,8.6,7.21,17.49
51096,143,20138,EXECUTION,1,7.5,7.5,16.64
51097,141,20138,EXECUTION,2,7.2,7.5,16.64
51098,147,20138,EXECUTION,3,7.0,7.5,16.64
51099,122,20138,EXECUTION,4,7.8,7.5,16.64
51100,129,20138,ARTISTIC,1,8.5,7.14,16.64
51101,101,20138,ARTISTIC,2,8.9,7.14,16.64
51102,117,20138,ARTISTIC,3,8.8,7.14,16.64
51103,114,20138,ARTISTIC,4,8.0,7.14,16.64
51104,125,20139,EXECUTION,1,7.9,8.52,17.97
51105,123,20139,EXECUTION,2,8.6,8.52,17.97
51106,135,20139,EXECUTION,3,7.1,8.52,17.97
51107,150,20139,EXECUTION,4,7.0,8.52,17.97
51108,107,20139,ARTISTIC,1,7.5,7.45,17.97
51109,131,20139,ARTISTIC,2,7.2,7.45,17.97
51110,137,20139,ARTISTIC,3,7.7,7.45,17.97
51111,142,20139,ARTISTIC,4,8.8,7.45,17.97
51112,111,20140,EXECUTION,1,7.9,8.79,19.2
51113,147,20140,EXECUTION,2,8.3,8.79,19.2
51114,105,20140,EXECUTION,3,8.2,8.79,19.2
51115,136,20140,EXECUTION,4,7.9,8.79,19.2
51116,106,20140,ARTISTIC,1,7.1,8.41,19.2
51117,122,20140,ARTISTIC,2,7.7,8.41,19.2
51118,139,20140,ARTISTIC,3,8.9,8.41,19.2
51119,140,20140,ARTISTIC,4,7.8,8.41,19.2
51120,136,20141,EXECUTION,1,8.1,7.48,16.58
51121,147,20141,EXECUTION,2,8.7,7.48,16.58
51122,149,20141,EXECUTION,3,7.3,7.48,16.58
51123,135,20141,EXECUTION,4,7.7,7.48,16.58
51124,117,20141,ARTISTIC,1,7.9,7.1,16.58
51125,143,20141,ARTISTIC,2,7.6,7.1,16.58
51126,119,20141,ARTISTIC,3,8.3,7.1,16.58
51127,120,20141,ARTISTIC,4,8.2,7.1,16.58
51128,113,20142,EXECUTION,1,8.6,7.95,17.18
51129,107,20142,EXECUTION,2,7.9,7.95,17.18
51130,102,20142,EXECUTION,3,8.8,7.95,17.18
51131,114,20142,EXECUTION,4,7.5,7.95,17.18
51132,111,20142,ARTISTIC,1,8.3,7.23,17.18
51133,141,20142,ARTISTIC,2,7.8,7.23,17.18
51134,119,20142,ARTISTIC,3,7.7,7.23,17.18
51135,106,20142,ARTISTIC,4,7.8,7.23,17.18
51136,112,20143,EXECUTION,1,7.3,8.67,18.8
51137,129,20143,EXECUTION,2,8.4,8.67,18.8
51138,103,20143,EXECUTION,3,7.2,8.67,18.8
51139,117,20143,EXECUTION,4,8.3,8.67,18.8
51140,149,20143,ARTISTIC,1,8.6,8.13,18.8
51141,130,20143,ARTISTIC,2,7.8,8.13,18.8
51142,147,20143,ARTISTIC,3,8.5,8.13,18.8
51143,115,20143,ARTISTIC,4,7.5,8.13,18.8
51144,104,20144,EXECUTION,1,7.2,8.76,18.71
51145,125,20144,EXECUTION,2,8.8,8.76,18.71
51146,134,20144,EXECUTION,3,8.4,8.76,18.71
51147,127,20144,EXECUTION,4,8.0,8.76,18.71
51148,135,20144,ARTISTIC,1,8.8,7.95,18.71
51149,144,20144,ARTISTIC,2,8.6,7.95,18.71
51150,131,20144,ARTISTIC,3,8.4,7.95,18.71
51151,137,20144,ARTISTIC,4,8.2,7.95,18.71
51152,108,20145,EXECUTION,1,8.4,7.09,16.25
51153,149,20145,EXECUTION,2,7.4,7.09,16.25
51154,129,20145,EXECUTION,3,8.6,7.09,16.25
51155,112,20145,EXECUTION,4,7.3,7.09,16.25
51156,111,20145,ARTISTIC,1,8.2,7.16,16.25
51157,114,20145,ARTISTIC,2,7.6,7.16,16.25
51158,113,20145,ARTISTIC,3,8.5,7.16,16.25
51159,109,20145,ARTISTIC,4,8.6,7.16,16.25
51160,106,20146,EXECUTION,1,8.6,7.92,18.67
51161,125,20146,EXECUTION,2,8.2,7.92,18.67
51162,136,20146,EXECUTION,3,8.0,7.92,18.67
51163,126,20146,EXECUTION,4,7.8,7.92,18.67
51164,148,20146,ARTISTIC,1,7.8,8.75,18.67
51165,121,20146,ARTISTIC,2,7.3,8.75,18.67
51166,118,20146,ARTISTIC,3,8.2,8.75,18.67
51167,134,20146,ARTISTIC,4,8.5,8.75,18.67
51168,107,20147,EXECUTION,1,8.1,7.53,17.84
51169,150,20147,EXECUTION,2,7.9,7.53,17.84
51170,137,20147,EXECUTION,3,7.3,7.53,17.84
51171,149,20147,EXECUTION,4,7.8,7.53,17.84
51172,119,20147,ARTISTIC,1,8.2,8.31,17.84
51173,135,20147,ARTISTIC,2,8.4,8.31,17.84
51174,123,20147,ARTISTIC,3,7.8,8.31,17.84
51175,127,20147,ARTISTIC,4,7.8,8.31,17.84
51176,122,20148,EXECUTION,1,7.6,7.68,18.27
51177,145,20148,EXECUTION,2,8.7,7.68,18.27
51178,116,20148,EXECUTION,3,8.7,7.68,18.27
51179,104,20148,EXECUTION,4,8.4,7.68,18.27
51180,131,20148,ARTISTIC,1,8.9,8.59,18.27
51181,118,20148,ARTISTIC,2,7.5,8.59,18.27
51182,124,20148,ARTISTIC,3,7.6,8.59,18.27
51183,102,20148,ARTISTIC,4,8.5,8.59,18.27
51184,150,20149,EXECUTION,1,8.6,7.38,16.8
51185,121,20149,EXECUTION,2,8.5,7.38,16.8
51186,118,20149,EXECUTION,3,8.5,7.38,16.8
51187,147,20149,EXECUTION,4,8.7,7.38,16.8
51188,127,20149,ARTISTIC,1,8.6,7.42,16.8
51189,139,20149,ARTISTIC,2,8.0,7.42,16.8
51190,142,20149,ARTISTIC,3,7.3,7.42,16.8
51191,106,20149,ARTISTIC,4,7.6,7.42,16.8
51192,133,20150,EXECUTION,1,7.1,8.75,18.15
51193,126,20150,EXECUTION,2,7.1,8.75,18.15
51194,109,20150,EXECUTION,3,7.1,8.75,18.15
51195,134,20150,EXECUTION,4,7.7,8.75,18.15
51196,137,20150,ARTISTIC,1,7.4,7.4,18.15
51197,102,20150,ARTISTIC,2,7.7,7.4,18.15
51198,112,20150,ARTISTIC,3,7.9,7.4,18.15
51199,113,20150,ARTISTIC,4,7.8,7.4,18.15
51200,108,20151,EXECUTION,1,8.2,7.36,18.1
51201,144,20151,EXECUTION,2,7.7,7.36,18.1
51202,102,20151,EXECUTION,3,7.3,7.36,18.1
51203,116,20151,EXECUTION,4,8.8,7.36,18.1
51204,124,20151,ARTISTIC,1,8.5,8.74,18.1
51205,132,20151,ARTISTIC,2,8.4,8.74,18.1
51206,139,20151,ARTISTIC,3,7.6,8.74,18.1
51207,129,20151,ARTISTIC,4,7.8,8.74,18.1
51208,111,20152,EXECUTION,1,7.0,7.54,17.36
51209,137,20152,EXECUTION,2,8.6,7.54,17.36
51210,114,20152,EXECUTION,3,8.5,7.54,17.36
51211,115,20152,EXECUTION,4,7.0,7.54,17.36
51212,142,20152,ARTISTIC,1,8.8,7.82,17.36
51213,147,20152,ARTISTIC,2,8.3,7.82,17.36
51214,144,20152,ARTISTIC,3,8.2,7.82,17.36
51215,148,20152,ARTISTIC,4,7.0,7.82,17.36
51216,117,20153,EXECUTION,1,7.9,8.79,19.49
51217,139,20153,EXECUTION,2,7.4,8.79,19.49
51218,120,20153,EXECUTION,3,7.6,8.79,19.49
51219,146,20153,EXECUTION,4,8.0,8.79,19.49
51220,147,20153,ARTISTIC,1,8.2,8.7,19.49
51221,142,20153,ARTISTIC,2,8.2,8.7,19.49
51222,118,20153,ARTISTIC,3,7.0,8.7,19.49
51223,128,20153,ARTISTIC,4,9.0,8.7,19.49
51224,124,20154,EXECUTION,1,7.6,7.96,17.63
51225,136,20154,EXECUTION,2,7.7,7.96,17.63
51226,142,20154,EXECUTION,3,7.6,7.96,17.63
51227,139,20154,EXECUTION,4,8.3,7.96,17.63
51228,147,20154,ARTISTIC,1,8.9,7.67,17.63
51229,119,20154,ARTISTIC,2,8.3,7.67,17.63
51230,120,20154,ARTISTIC,3,7.4,7.67,17.63
51231,107,20154,ARTISTIC,4,8.0,7.67,17.63
51232,116,20155,EXECUTION,1,9.0,8.44,18.75
51233,104,20155,EXECUTION,2,7.5,8.44,18.75
51234,139,20155,EXECUTION,3,7.8,8.44,18.75
51235,126,20155,EXECUTION,4,7.8,8.44,18.75
51236,143,20155,ARTISTIC,1,7.1,8.31,18.75
51237,121,20155,ARTISTIC,2,8.4,8.31,18.75
51238,144,20155,ARTISTIC,3,8.1,8.31,18.75
51239,109,20155,ARTISTIC,4,7.4,8.31,18.75
51240,147,20156,EXECUTION,1,7.3,7.72,17.32
51241,146,20156,EXECUTION,2,8.3,7.72,17.32
51242,115,20156,EXECUTION,3,8.1,7.72,17.32
51243,144,20156,EXECUTION,4,7.6,7.72,17.32
51244,135,20156,ARTISTIC,1,7.9,7.6,17.32
51245,141,20156,ARTISTIC,2,8.5,7.6,17.32
51246,131,20156,ARTISTIC,3,8.5,7.6,17.32
51247,143,20156,ARTISTIC,4,8.1,7.6,17.32
51248,112,20157,EXECUTION,1,8.6,8.49,18.1
51249,144,20157,EXECUTION,2,7.7,8.49,18.1
51250,122,20157,EXECUTION,3,7.5,8.49,18.1
51251,142,20157,EXECUTION,4,7.6,8.49,18.1
51252,106,20157,ARTISTIC,1,8.7,7.61,18.1
51253,115,20157,ARTISTIC,2,7.9,7.61,18.1
51254,123,20157,ARTISTIC,3,8.7,7.61,18.1
51255,145,20157,ARTISTIC,4,8.2,7.61,18.1
51256,140,20158,EXECUTION,1,8.7,8.06,17.89
51257,105,20158,EXECUTION,2,7.3,8.06,17.89
51258,131,20158,EXECUTION,3,9.0,8.06,17.89
51259,113,20158,EXECUTION,4,7.7,8.06,17.89
51260,133,20158,ARTISTIC,1,9.0,7.83,17.89
51261,108,20158,ARTISTIC,2,8.8,7.83,17.89
51262,144,20158,ARTISTIC,3,9.0,7.83,17.89
51263,125,20158,ARTISTIC,4,7.3,7.83,17.89
51264,146,20159,EXECUTION,1,7.5,8.27,17.28
51265,112,20159,EXECUTION,2,8.5,8.27,17.28
51266,106,20159,EXECUTION,3,7.3,8.27,17.28
51267,132,20159,EXECUTION,4,8.5,8.27,17.28
51268,122,20159,ARTISTIC,1,8.0,7.01,17.28
51269,141,20159,ARTISTIC,2,8.5,7.01,17.28
51270,149,20159,ARTISTIC,3,7.2,7.01,17.28
51271,121,20159,ARTISTIC,4,8.2,7.01,17.28
51272,141,20160,EXECUTION,1,8.9,8.07,18.53
51273,128,20160,EXECUTION,2,8.8,8.07,18.53
51274,126,20160,EXECUTION,3,8.5,8.07,18.53
51275,149,20160,EXECUTION,4,8.1,8.07,18.53
51276,131,20160,ARTISTIC,1,7.0,8.46,18.53
51277,125,20160,ARTISTIC,2,7.0,8.46,18.53
51278,101,20160,ARTISTIC,3,8.5,8.46,18.53
51279,103,20160,ARTISTIC,4,7.5,8.46,18.53
51280,123,20161,EXECUTION,1,7.6,7.33,17.98
51281,120,20161,EXECUTION,2,7.6,7.33,17.98
51282,109,20161,EXECUTION,3,8.5,7.33,17.98
51283,107,20161,EXECUTION,4,8.2,7.33,17.98
51284,125,20161,ARTISTIC,1,7.7,8.65,17.98
51285,133,20161,ARTISTIC,2,8.8,8.65,17.98
51286,138,20161,ARTISTIC,3,9.0,8.65,17.98
51287,149,20161,ARTISTIC,4,7.7,8.65,17.98
51288,132,20162,EXECUTION,1,8.5,8.45,17.71
51289,123,20162,EXECUTION,2,8.2,8.45,17.71
51290,113,20162,EXECUTION,3,7.3,8.45,17.71
51291,111,20162,EXECUTION,4,7.7,8.45,17.71
51292,126,20162,ARTISTIC,1,8.3,7.26,17.71
51293,102,20162,ARTISTIC,2,7.1,7.26,17.71
51294,115,20162,ARTISTIC,3,8.8,7.26,17.71
51295,144,20162,ARTISTIC,4,7.5,7.26,17.71
51296,135,20163,EXECUTION,1,7.2,8.67,17.77
51297,140,20163,EXECUTION,2,7.9,8.67,17.77
51298,104,20163,EXECUTION,3,7.2,8.67,17.77
51299,139,20163,EXECUTION,4,7.5,8.67,17.77
51300,148,20163,ARTISTIC,1,8.4,7.1,17.77
51301,143,20163,ARTISTIC,2,7.4,7.1,17.77
51302,107,20163,ARTISTIC,3,8.4,7.1,17.77
51303,142,20163,ARTISTIC,4,7.0,7.1,17.77
51304,127,20164,EXECUTION,1,8.8,8.4,18.24
51305,143,20164,EXECUTION,2,8.0,8.4,18.24
51306,107,20164,EXECUTION,3,8.2,8.4,18.24
51307,149,20164,EXECUTION,4,7.6,8.4,18.24
51308,134,20164,ARTISTIC,1,8.6,7.84,18.24
51309,118,20164,ARTISTIC,2,8.0,7.84,18.24
51310,140,20164,ARTISTIC,3,8.2,7.84,18.24
51311,139,20164,ARTISTIC,4,8.6,7.84,18.24
51312,134,20165,EXECUTION,1,8.4,8.1,18.92
51313,113,20165,EXECUTION,2,8.0,8.1,18.92
51314,123,20165,EXECUTION,3,7.5,8.1,18.92
51315,146,20165,EXECUTION,4,7.0,8.1,18.92
51316,127,20165,ARTISTIC,1,7.2,8.82,18.92
51317,119,20165,ARTISTIC,2,7.2,8.82,18.92
51318,111,20165,ARTISTIC,3,8.1,8.82,18.92
51319,103,20165,ARTISTIC,4,8.0,8.82,18.92
51320,106,20166,EXECUTION,1,7.5,7.91,18.86
51321,133,20166,EXECUTION,2,7.1,7.91,18.86
51322,105,20166,EXECUTION,3,8.6,7.91,18.86
51323,147,20166,EXECUTION,4,8.7,7.91,18.86
51324,107,20166,ARTISTIC,1,8.7,8.95,18.86
51325,117,20166,ARTISTIC,2,7.7,8.95,18.86
51326,142,20166,ARTISTIC,3,8.4,8.95,18.86
51327,115,20166,ARTISTIC,4,7.9,8.95,18.86
51328,108,20167,EXECUTION,1,8.9,7.66,18.45
51329,107,20167,EXECUTION,2,7.5,7.66,18.45
51330,103,20167,EXECUTION,3,8.5,7.66,18.45
51331,101,20167,EXECUTION,4,7.7,7.66,18.45
51332,109,20167,ARTISTIC,1,7.7,8.79,18.45
51333,143,20167,ARTISTIC,2,7.2,8.79,18.45
51334,142,20167,ARTISTIC,3,7.8,8.79,18.45
51335,111,20167,ARTISTIC,4,7.9,8.79,18.45
51336,125,20168,EXECUTION,1,8.9,8.39,17.51
51337,145,20168,EXECUTION,2,7.3,8.39,17.51
51338,131,20168,EXECUTION,3,7.8,8.39,17.51
51339,127,20168,EXECUTION,4,8.2,8.39,17.51
51340,142,20168,ARTISTIC,1,8.6,7.12,17.51
51341,111,20168,ARTISTIC,2,8.4,7.12,17.51
51342,108,20168,ARTISTIC,3,7.4,7.12,17.51
51343,109,20168,ARTISTIC,4,7.8,7.12,17.51
51344,123,20169,EXECUTION,1,7.1,8.78,18.66
51345,140,20169,EXECUTION,2,8.3,8.78,18.66
51346,102,20169,EXECUTION,3,7.0,8.78,18.66
51347,144,20169,EXECUTION,4,8.7,8.78,18.66
51348,109,20169,ARTISTIC,1,8.0,7.88,18.66
51349,131,20169,ARTISTIC,2,8.5,7.88,18.66
51350,132,20169,ARTISTIC,3,8.4,7.88,18.66
51351,108,20169,ARTISTIC,4,7.4,7.88,18.66
51352,143,20170,EXECUTION,1,8.0,7.87,18.32
51353,122,20170,EXECUTION,2,8.3,7.87,18.32
51354,134,20170,EXECUTION,3,8.3,7.87,18.32
51355,148,20170,EXECUTION,4,7.3,7.87,18.32
51356,145,20170,ARTISTIC,1,8.7,8.45,18.32
51357,146,20170,ARTISTIC,2,8.8,8.45,18.32
51358,140,20170,ARTISTIC,3,8.2,8.45,18.32
51359,107,20170,ARTISTIC,4,7.0,8.45,18.32
51360,111,20171,EXECUTION,1,7.1,7.48,18.42
51361,133,20171,EXECUTION,2,7.4,7.48,18.42
51362,131,20171,EXECUTION,3,8.3,7.48,18.42
51363,132,20171,EXECUTION,4,7.8,7.48,18.42
51364,150,20171,ARTISTIC,1,7.5,8.94,18.42
51365,105,20171,ARTISTIC,2,7.9,8.94,18.42
51366,147,20171,ARTISTIC,3,8.6,8.94,18.42
51367,121,20171,ARTISTIC,4,7.9,8.94,18.42
51368,132,20172,EXECUTION,1,8.1,7.81,16.88
51369,129,20172,EXECUTION,2,8.7,7.81,16.88
51370,121,20172,EXECUTION,3,8.6,7.81,16.88
51371,108,20172,EXECUTION,4,8.9,7.81,16.88
51372,150,20172,ARTISTIC,1,8.3,7.07,16.88
51373,142,20172,ARTISTIC,2,8.8,7.07,16.88
51374,102,20172,ARTISTIC,3,8.1,7.07,16.88
51375,107,20172,ARTISTIC,4,8.3,7.07,16.88
51376,130,20173,EXECUTION,1,8.4,8.53,18.73
51377,122,20173,EXECUTION,2,7.7,8.53,18.73
51378,124,20173,EXECUTION,3,7.9,8.53,18.73
51379,104,20173,EXECUTION,4,7.2,8.53,18.73
51380,115,20173,ARTISTIC,1,8.3,8.2,18.73
51381,150,20173,ARTISTIC,2,7.0,8.2,18.73
51382,149,20173,ARTISTIC,3,7.7,8.2,18.73
51383,136,20173,ARTISTIC,4,8.3,8.2,18.73
51384,119,20174,EXECUTION,1,8.5,7.98,18.62
51385,136,20174,EXECUTION,2,7.8,7.98,18.62
51386,134,20174,EXECUTION,3,7.5,7.98,18.62
51387,124,20174,EXECUTION,4,7.4,7.98,18.62
51388,145,20174,ARTISTIC,1,7.2,8.64,18.62
51389,107,20174,ARTISTIC,2,8.7,8.64,18.62
51390,103,20174,ARTISTIC,3,7.4,8.64,18.62
51391,111,20174,ARTISTIC,4,8.6,8.64,18.62
51392,113,20175,EXECUTION,1,7.9,7.25,18.03
51393,146,20175,EXECUTION,2,8.2,7.25,18.03
51394,122,20175,EXECUTION,3,8.0,7.25,18.03
51395,107,20175,EXECUTION,4,8.9,7.25,18.03
51396,127,20175,ARTISTIC,1,7.0,8.78,18.03
51397,103,20175,ARTISTIC,2,8.5,8.78,18.03
51398,141,20175,ARTISTIC,3,8.1,8.78,18.03
51399,138,20175,ARTISTIC,4,7.9,8.78,18.03
51400,138,20176,EXECUTION,1,8.2,7.21,17.53
51401,131,20176,EXECUTION,2,7.6,7.21,17.53
51402,133,20176,EXECUTION,3,8.8,7.21,17.53
51403,112,20176,EXECUTION,4,7.8,7.21,17.53
51404,145,20176,ARTISTIC,1,8.2,8.32,17.53
51405,150,20176,ARTISTIC,2,8.4,8.32,17.53
51406,147,20176,ARTISTIC,3,7.5,8.32,17.53
51407,109,20176,ARTISTIC,4,7.8,8.32,17.53
51408,122,20177,EXECUTION,1,8.7,7.6,18.0
51409,119,20177,EXECUTION,2,8.4,7.6,18.0
51410,129,20177,EXECUTION,3,8.9,7.6,18.0
51411,109,20177,EXECUTION,4,8.3,7.6,18.0
51412,147,20177,ARTISTIC,1,7.4,8.4,18.0
51413,127,20177,ARTISTIC,2,8.2,8.4,18.0
51414,139,20177,ARTISTIC,3,7.6,8.4,18.0
51415,133,20177,ARTISTIC,4,7.7,8.4,18.0
51416,144,20178,EXECUTION,1,7.7,7.64,16.87
51417,109,20178,EXECUTION,2,8.0,7.64,16.87
51418,146,20178,EXECUTION,3,8.1,7.64,16.87
51419,142,20178,EXECUTION,4,8.3,7.64,16.87
51420,112,20178,ARTISTIC,1,7.8,7.23,16.87
51421,133,20178,ARTISTIC,2,8.5,7.23,16.87
51422,135,20178,ARTISTIC,3,8.7,7.23,16.87
51423,141,20178,ARTISTIC,4,7.6,7.23,16.87
51424,128,20179,EXECUTION,1,8.5,8.34,17.74
51425,101,20179,EXECUTION,2,7.3,8.34,17.74
51426,134,20179,EXECUTION,3,7.6,8.34,17.74
51427,107,20179,EXECUTION,4,7.5,8.34,17.74
51428,102,20179,ARTISTIC,1,8.7,7.4,17.74
51429,125,20179,ARTISTIC,2,8.4,7.4,17.74
51430,110,20179,ARTISTIC,3,7.6,7.4,17.74
51431,104,20179,ARTISTIC,4,8.5,7.4,17.74
51432,103,20180,EXECUTION,1,7.5,8.48,18.6
51433,123,20180,EXECUTION,2,8.6,8.48,18.6
51434,129,20180,EXECUTION,3,8.6,8.48,18.6
51435,107,20180,EXECUTION,4,7.6,8.48,18.6
51436,140,20180,ARTISTIC,1,8.3,8.12,18.6
51437,144,20180,ARTISTIC,2,8.9,8.12,18.6
51438,136,20180,ARTISTIC,3,7.8,8.12,18.6
51439,115,20180,ARTISTIC,4,8.9,8.12,18.6
51440,144,20181,EXECUTION,1,7.9,8.74,19.46
51441,121,20181,EXECUTION,2,7.5,8.74,19.46
51442,136,20181,EXECUTION,3,8.3,8.74,19.46
51443,104,20181,EXECUTION,4,8.4,8.74,19.46
51444,101,20181,ARTISTIC,1,7.7,8.72,19.46
51445,117,20181,ARTISTIC,2,8.2,8.72,19.46
51446,113,20181,ARTISTIC,3,8.5,8.72,19.46
51447,140,20181,ARTISTIC,4,7.4,8.72,19.46
51448,147,20182,EXECUTION,1,7.2,8.92,19.39
51449,113,20182,EXECUTION,2,7.1,8.92,19.39
51450,119,20182,EXECUTION,3,7.6,8.92,19.39
51451,129,20182,EXECUTION,4,7.5,8.92,19.39
51452,112,20182,ARTISTIC,1,7.3,8.47,19.39
51453,144,20182,ARTISTIC,2,8.7,8.47,19.39
51454,105,20182,ARTISTIC,3,7.0,8.47,19.39
51455,146,20182,ARTISTIC,4,7.9,8.47,19.39
51456,110,20183,EXECUTION,1,8.6,8.69,18.29
51457,103,20183,EXECUTION,2,8.1,8.69,18.29
51458,150,20183,EXECUTION,3,7.1,8.69,18.29
51459,121,20183,EXECUTION,4,8.4,8.69,18.29
51460,139,20183,ARTISTIC,1,8.1,7.6,18.29
51461,104,20183,ARTISTIC,2,8.9,7.6,18.29
51462,141,20183,ARTISTIC,3,8.0,7.6,18.29
51463,140,20183,ARTISTIC,4,8.6,7.6,18.29
51464,111,20184,EXECUTION,1,7.7,8.77,19.1
51465,127,20184,EXECUTION,2,7.6,8.77,19.1
51466,135,20184,EXECUTION,3,8.9,8.77,19.1
51467,148,20184,EXECUTION,4,8.2,8.77,19.1
51468,126,20184,ARTISTIC,1,7.9,8.33,19.1
51469,106,20184,ARTISTIC,2,8.1,8.33,19.1
51470,123,20184,ARTISTIC,3,8.5,8.33,19.1
51471,115,20184,ARTISTIC,4,8.3,8.33,19.1
51472,108,20185,EXECUTION,1,8.8,7.49,16.57
51473,143,20185,EXECUTION,2,7.8,7.49,16.57
51474,123,20185,EXECUTION,3,8.6,7.49,16.57
51475,129,20185,EXECUTION,4,7.2,7.49,16.57
51476,116,20185,ARTISTIC,1,7.5,7.08,16.57
51477,142,20185,ARTISTIC,2,8.4,7.08,16.57
51478,140,20185,ARTISTIC,3,7.0,7.08,16.57
51479,144,20185,ARTISTIC,4,8.0,7.08,16.57
51480,150,20186,EXECUTION,1,8.0,8.8,18.19
51481,124,20186,EXECUTION,2,8.9,8.8,18.19
51482,133,20186,EXECUTION,3,7.3,8.8,18.19
51483,148,20186,EXECUTION,4,8.9,8.8,18.19
51484,129,20186,ARTISTIC,1,8.1,7.39,18.19
51485,132,20186,ARTISTIC,2,7.0,7.39,18.19
51486,103,20186,ARTISTIC,3,7.1,7.39,18.19
51487,119,20186,ARTISTIC,4,8.3,7.39,18.19
51488,150,20187,EXECUTION,1,8.5,8.29,19.17
51489,114,20187,EXECUTION,2,7.3,8.29,19.17
51490,144,20187,EXECUTION,3,7.9,8.29,19.17
51491,128,20187,EXECUTION,4,7.7,8.29,19.17
51492,107,20187,ARTISTIC,1,7.2,8.88,19.17
51493,149,20187,ARTISTIC,2,7.1,8.88,19.17
51494,135,20187,ARTISTIC,3,8.6,8.88,19.17
51495,147,20187,ARTISTIC,4,8.1,8.88,19.17
51496,137,20188,EXECUTION,1,8.3,7.87,16.9
51497,115,20188,EXECUTION,2,8.1,7.87,16.9
51498,117,20188,EXECUTION,3,8.3,7.87,16.9
51499,127,20188,EXECUTION,4,8.2,7.87,16.9
51500,125,20188,ARTISTIC,1,8.5,7.03,16.9
51501,129,20188,ARTISTIC,2,8.2,7.03,16.9
51502,141,20188,ARTISTIC,3,8.4,7.03,16.9
51503,126,20188,ARTISTIC,4,7.1,7.03,16.9
51504,133,20189,EXECUTION,1,7.8,8.53,18.41
51505,107,20189,EXECUTION,2,8.3,8.53,18.41
51506,119,20189,EXECUTION,3,7.9,8.53,18.41
51507,144,20189,EXECUTION,4,8.1,8.53,18.41
51508,120,20189,ARTISTIC,1,7.3,7.88,18.41
51509,139,20189,ARTISTIC,2,7.8,7.88,18.41
51510,106,20189,ARTISTIC,3,8.6,7.88,18.41
51511,148,20189,ARTISTIC,4,8.1,7.88,18.41
51512,141,20190,EXECUTION,1,7.1,8.75,18.03
51513,110,20190,EXECUTION,2,8.1,8.75,18.03
51514,120,20190,EXECUTION,3,7.8,8.75,18.03
51515,144,20190,EXECUTION,4,8.1,8.75,18.03
51516,142,20190,ARTISTIC,1,7.2,7.28,18.03
51517,124,20190,ARTISTIC,2,7.4,7.28,18.03
51518,101,20190,ARTISTIC,3,8.5,7.28,18.03
51519,136,20190,ARTISTIC,4,8.5,7.28,18.03
51520,114,20191,EXECUTION,1,7.2,8.23,17.74
51521,127,20191,EXECUTION,2,8.3,8.23,17.74
51522,142,20191,EXECUTION,3,8.1,8.23,17.74
51523,133,20191,EXECUTION,4,7.1,8.23,17.74
51524,110,20191,ARTISTIC,1,8.5,7.51,17.74
51525,111,20191,ARTISTIC,2,9.0,7.51,17.74
51526,112,20191,ARTISTIC,3,8.1,7.51,17.74
51527,115,20191,ARTISTIC,4,8.3,7.51,17.74
51528,105,20192,EXECUTION,1,7.3,7.97,17.63
51529,119,20192,EXECUTION,2,8.3,7.97,17.63
51530,143,20192,EXECUTION,3,7.2,7.97,17.63
51531,150,20192,EXECUTION,4,8.2,7.97,17.63
51532,117,20192,ARTISTIC,1,8.8,7.66,17.63
51533,107,20192,ARTISTIC,2,7.6,7.66,17.63
51534,113,20192,ARTISTIC,3,7.9,7.66,17.63
51535,138,20192,ARTISTIC,4,8.2,7.66,17.63
51536,120,20193,EXECUTION,1,7.6,8.92,18.26
51537,145,20193,EXECUTION,2,8.6,8.92,18.26
51538,138,20193,EXECUTION,3,8.4,8.92,18.26
51539,110,20193,EXECUTION,4,8.3,8.92,18.26
51540,137,20193,ARTISTIC,1,7.6,7.34,18.26
51541,146,20193,ARTISTIC,2,7.7,7.34,18.26
51542,124,20193,ARTISTIC,3,8.4,7.34,18.26
51543,121,20193,ARTISTIC,4,7.7,7.34,18.26
51544,131,20194,EXECUTION,1,8.7,7.35,17.56
51545,130,20194,EXECUTION,2,8.7,7.35,17.56
51546,129,20194,EXECUTION,3,7.3,7.35,17.56
51547,123,20194,EXECUTION,4,8.1,7.35,17.56
51548,120,20194,ARTISTIC,1,7.5,8.21,17.56
51549,132,20194,ARTISTIC,2,8.8,8.21,17.56
51550,136,20194,ARTISTIC,3,7.2,8.21,17.56
51551,107,20194,ARTISTIC,4,7.2,8.21,17.56
51552,102,20195,EXECUTION,1,7.5,7.43,16.5
51553,133,20195,EXECUTION,2,8.8,7.43,16.5
51554,141,20195,EXECUTION,3,8.1,7.43,16.5
51555,150,20195,EXECUTION,4,8.3,7.43,16.5
51556,138,20195,ARTISTIC,1,7.3,7.07,16.5
51557,146,20195,ARTISTIC,2,7.8,7.07,16.5
51558,126,20195,ARTISTIC,3,8.8,7.07,16.5
51559,145,20195,ARTISTIC,4,8.2,7.07,16.5
51560,119,20196,EXECUTION,1,8.7,8.0,18.33
51561,109,20196,EXECUTION,2,8.6,8.0,18.33
51562,130,20196,EXECUTION,3,8.2,8.0,18.33
51563,133,20196,EXECUTION,4,7.3,8.0,18.33
51564,147,20196,ARTISTIC,1,8.0,8.33,18.33
51565,106,20196,ARTISTIC,2,7.9,8.33,18.33
51566,126,20196,ARTISTIC,3,7.4,8.33,18.33
51567,124,20196,ARTISTIC,4,8.9,8.33,18.33
51568,143,20197,EXECUTION,1,7.5,8.52,17.98
51569,110,20197,EXECUTION,2,7.5,8.52,17.98
51570,148,20197,EXECUTION,3,8.3,8.52,17.98
51571,147,20197,EXECUTION,4,8.0,8.52,17.98
51572,131,20197,ARTISTIC,1,8.6,7.46,17.98
51573,123,20197,ARTISTIC,2,7.8,7.46,17.98
51574,103,20197,ARTISTIC,3,8.8,7.46,17.98
51575,115,20197,ARTISTIC,4,8.8,7.46,17.98
51576,103,20198,EXECUTION,1,8.1,8.67,18.2
51577,142,20198,EXECUTION,2,7.3,8.67,18.2
51578,121,20198,EXECUTION,3,8.3,8.67,18.2
51579,107,20198,EXECUTION,4,7.7,8.67,18.2
51580,146,20198,ARTISTIC,1,8.3,7.53,18.2
51581,134,20198,ARTISTIC,2,8.7,7.53,18.2
51582,141,20198,ARTISTIC,3,8.0,7.53,18.2
51583,118,20198,ARTISTIC,4,7.8,7.53,18.2
51584,115,20199,EXECUTION,1,7.9,7.01,17.77
51585,134,20199,EXECUTION,2,7.5,7.01,17.77
51586,126,20199,EXECUTION,3,8.0,7.01,17.77
51587,123,20199,EXECUTION,4,7.6,7.01,17.77
51588,147,20199,ARTISTIC,1,7.3,8.76,17.77
51589,132,20199,ARTISTIC,2,7.3,8.76,17.77
51590,131,20199,ARTISTIC,3,8.2,8.76,17.77
51591,139,20199,ARTISTIC,4,8.6,8.76,17.77
51592,143,20200,EXECUTION,1,8.3,7.96,18.14
51593,115,20200,EXECUTION,2,7.8,7.96,18.14
51594,127,20200,EXECUTION,3,7.5,7.96,18.14
51595,122,20200,EXECUTION,4,7.3,7.96,18.14
51596,108,20200,ARTISTIC,1,8.2,8.18,18.14
51597,131,20200,ARTISTIC,2,7.3,8.18,18.14
51598,144,20200,ARTISTIC,3,8.0,8.18,18.14
51599,145,20200,ARTISTIC,4,8.8,8.18,18.14
