9061,Новосибирская область,Новосибирск,RUSSIA,Тюменский меридиан,18+ лет,ИЖ
8761,Новосибирская область,Новосибирск,RUSSIA,Тюменский меридиан,17-15 лет,ИЖ
8678,Ханты-Мансийский автономный округ - Югра,Сургут,RUSSIA,Тюменский меридиан,14-12 лет,ИЖ
8788,Ханты-Мансийский автономный округ - Югра,Сургут,RUSSIA,Тюменский меридиан,17-15 лет,ИЖ
8780,Пермский край,Пермь,RUSSIA,Тюменский меридиан,17-15 лет,ИЖ
8715,Оренбургская область,Новотроицк,RUSSIA,Тюменский меридиан,14-12 лет,ИЖ
8838,Тульская область,Тула,RUSSIA,Тюменский меридиан,14-12 лет,ИЖ
8839,Новосибирская область,Новосибирск,RUSSIA,Тюменский меридиан,17-15 лет,ИЖ
8646,Оренбургская область,Новотроицк,RUSSIA,Тюменский меридиан,14-12 лет,ИЖ
8647,Тульская область,Тула,RUSSIA,Тюменский меридиан,14-12 лет,ИЖ
8648,Республика Башкортостан,Стерлитамак,RUSSIA,Тюменский меридиан,14-12 лет,ИЖ
8670,Республика Башкортостан,Стерлитамак,RUSSIA,Тюменский меридиан,14-12 лет,ИЖ
8820,Ульяновская область,Ульяновск,RUSSIA,Тюменский меридиан,14-12 лет,ТГ
8662,Челябинская область,Челябинск,RUSSIA,Тюменский меридиан,14-12 лет,ИЖ
8661,Новосибирская область,Новосибирск,RUSSIA,Тюменский меридиан,14-12 лет,ИЖ
8660,Республика Башкортостан,Стерлитамак,RUSSIA,Тюменский меридиан,14-12 лет,ИЖ
8669,Новосибирская область,Новосибирск,RUSSIA,Тюменский меридиан,14-12 лет,ИЖ
8659,Тюменская область,Тюмень,RUSSIA,Тюменский меридиан,14-12 лет,ИЖ
8668,Новосибирская область,Новосибирск,RUSSIA,Тюменский меридиан,14-12 лет,ИЖ
8667,Калининградская область,Калининград,RUSSIA,Тюменский меридиан,14-12 лет,ИЖ
8666,Калининградская область,Калининград,RUSSIA,Тюменский меридиан,14-12 лет,ИЖ
8665,Ханты-Мансийский автономный округ - Югра,Югорск,RUSSIA,Тюменский меридиан,14-12 лет,ИЖ
8664,Московская область,Солнечногорск,RUSSIA,Тюменский меридиан,14-12 лет,ИЖ
8663,Новосибирская область,Новосибирск,RUSSIA,Тюменский меридиан,14-12 лет,ИЖ
8635,Ханты-Мансийский автономный округ - Югра,Югорск,RUSSIA,Тюменский меридиан,14-12 лет,ИЖ
8636,Красноярский край,Красноярск,RUSSIA,Тюменский меридиан,14-12 лет,ИЖ
8637,Свердловская область,Екатеринбург,RUSSIA,Тюменский меридиан,14-12 лет,ИЖ
8638,Свердловская область,Екатеринбург,RUSSIA,Тюменский меридиан,14-12 лет,ИЖ
8639,Ульяновская область,Ульяновск,RUSSIA,Тюменский меридиан,14-12 лет,ИЖ
8640,Тульская область,Тула,RUSSIA,Тюменский меридиан,14-12 лет,ИЖ
8642,Москва,Москва,RUSSIA,Тюменский меридиан,14-12 лет,ИЖ
8643,Свердловская область,Екатеринбург,RUSSIA,Тюменский меридиан,14-12 лет,ИЖ
8644,Алтайский край,Барнаул,RUSSIA,Тюменский меридиан,14-12 лет,ИЖ
8649,Челябинская область,Челябинск,RUSSIA,Тюменский меридиан,14-12 лет,ИЖ
8650,Московская область,Солнечногорск,RUSSIA,Тюменский меридиан,14-12 лет,ИЖ
8651,Новосибирская область,Новосибирск,RUSSIA,Тюменский меридиан,14-12 лет,ИЖ
8652,Новосибирская область,Новосибирск,RUSSIA,Тюменский меридиан,14-12 лет,ИЖ
8654,Калининградская область,Калининград,RUSSIA,Тюменский меридиан,14-12 лет,ИЖ
8655,Свердловская область,Ирбит,RUSSIA,Тюменский меридиан,14-12 лет,ИЖ
8656,Свердловская область,Екатеринбург,RUSSIA,Тюменский меридиан,14-12 лет,ИЖ
8657,Москва,Москва,RUSSIA,Тюменский меридиан,14-12 лет,ИЖ
8658,Ханты-Мансийский автономный округ - Югра,Сургут,RUSSIA,Тюменский меридиан,14-12 лет,ИЖ
8704,Омская область,Омск,RUSSIA,Тюменский меридиан,14-12 лет,ИЖ
8671,Ямало-Ненецкий автономный округ,Салехард,RUSSIA,Тюменский меридиан,14-12 лет,ИЖ
8672,Красноярский край,Красноярск,RUSSIA,Тюменский меридиан,14-12 лет,ИЖ
8673,Красноярский край,Красноярск,RUSSIA,Тюменский меридиан,14-12 лет,ИЖ
8674,Московская область,Солнечногорск,RUSSIA,Тюменский меридиан,14-12 лет,ИЖ
8675,Новосибирская область,Новосибирск,RUSSIA,Тюменский меридиан,14-12 лет,ИЖ
8676,Тюменская область,Тюмень,RUSSIA,Тюменский меридиан,14-12 лет,ИЖ
8677,Свердловская область,Екатеринбург,RUSSIA,Тюменский меридиан,14-12 лет,ИЖ
8679,Ханты-Мансийский автономный округ - Югра,Сургут,RUSSIA,Тюменский меридиан,14-12 лет,ИЖ
8680,Омская область,Омск,RUSSIA,Тюменский меридиан,14-12 лет,ИЖ
8681,Новосибирская область,Новосибирск,RUSSIA,Тюменский меридиан,14-12 лет,ИЖ
8682,Челябинская область,Челябинск,RUSSIA,Тюменский меридиан,14-12 лет,ИЖ
8724,Пермский край,Губаха,RUSSIA,Тюменский меридиан,14-12 лет,ИЖ
8684,Свердловская область,Екатеринбург,RUSSIA,Тюменский меридиан,14-12 лет,ИЖ
8685,Ханты-Мансийский автономный округ - Югра,Сургут,RUSSIA,Тюменский меридиан,14-12 лет,ИЖ
8686,Омская область,Омск,RUSSIA,Тюменский меридиан,14-12 лет,ИЖ
8687,Ульяновская область,Ульяновск,RUSSIA,Тюменский меридиан,14-12 лет,ИЖ
8688,Оренбургская область,Новотроицк,RUSSIA,Тюменский меридиан,14-12 лет,ИЖ
8689,Пермский край,Губаха,RUSSIA,Тюменский меридиан,14-12 лет,ИЖ
8690,Новосибирская область,Новосибирск,RUSSIA,Тюменский меридиан,14-12 лет,ИЖ
8691,Новосибирская область,Новосибирск,RUSSIA,Тюменский меридиан,14-12 лет,ИЖ
8692,Свердловская область,Ирбит,RUSSIA,Тюменский меридиан,14-12 лет,ИЖ
8693,Новосибирская область,Новосибирск,RUSSIA,Тюменский меридиан,14-12 лет,ИЖ
8694,Ульяновская область,Ульяновск,RUSSIA,Тюменский меридиан,14-12 лет,ИЖ
8714,Ханты-Мансийский автономный округ - Югра,Нефтеюганск,RUSSIA,Тюменский меридиан,14-12 лет,ИЖ
8695,Омская область,Омск,RUSSIA,Тюменский меридиан,14-12 лет,ИЖ
8697,Ямало-Ненецкий автономный округ,Салехард,RUSSIA,Тюменский меридиан,14-12 лет,ИЖ
8698,Оренбургская область,Новотроицк,RUSSIA,Тюменский меридиан,14-12 лет,ИЖ
8699,Оренбургская область,Новотроицк,RUSSIA,Тюменский меридиан,14-12 лет,ИЖ
8700,Оренбургская область,Новотроицк,RUSSIA,Тюменский меридиан,14-12 лет,ИЖ
8701,Ямало-Ненецкий автономный округ,Салехард,RUSSIA,Тюменский меридиан,14-12 лет,ИЖ
8702,Калининградская область,Калининград,RUSSIA,Тюменский меридиан,14-12 лет,ИЖ
8696,Ульяновская область,Ульяновск,RUSSIA,Тюменский меридиан,14-12 лет,ИЖ
8683,Челябинская область,Челябинск,RUSSIA,Тюменский меридиан,14-12 лет,ИЖ
8705,Московская область,Солнечногорск,RUSSIA,Тюменский меридиан,14-12 лет,ИЖ
8706,Новосибирская область,Новосибирск,RUSSIA,Тюменский меридиан,14-12 лет,ИЖ
8707,Ямало-Ненецкий автономный округ,Салехард,RUSSIA,Тюменский меридиан,14-12 лет,ИЖ
8708,Тюменская область,Тюмень,RUSSIA,Тюменский меридиан,14-12 лет,ИЖ
8709,Ульяновская область,Ульяновск,RUSSIA,Тюменский меридиан,14-12 лет,ИЖ
8710,Новосибирская область,Новосибирск,RUSSIA,Тюменский меридиан,14-12 лет,ИЖ
8711,Алтайский край,Барнаул,RUSSIA,Тюменский меридиан,14-12 лет,ИЖ
8712,Новосибирская область,Новосибирск,RUSSIA,Тюменский меридиан,14-12 лет,ИЖ
8713,Калининградская область,Калининград,RUSSIA,Тюменский меридиан,14-12 лет,ИЖ
8703,Новосибирская область,Новосибирск,RUSSIA,Тюменский меридиан,14-12 лет,ИЖ
8723,Республика Башкортостан,Стерлитамак,RUSSIA,Тюменский меридиан,14-12 лет,ИЖ
8722,Республика Башкортостан,Стерлитамак,RUSSIA,Тюменский меридиан,14-12 лет,ИЖ
8721,Омская область,Омск,RUSSIA,Тюменский меридиан,14-12 лет,ИЖ
8720,Новосибирская область,Новосибирск,RUSSIA,Тюменский меридиан,14-12 лет,ИЖ
8719,Оренбургская область,Новотроицк,RUSSIA,Тюменский меридиан,14-12 лет,ИЖ
8718,Новосибирская область,Новосибирск,RUSSIA,Тюменский меридиан,14-12 лет,ИЖ
8717,Новосибирская область,Новосибирск,RUSSIA,Тюменский меридиан,14-12 лет,ИЖ
8716,Оренбургская область,Новотроицк,RUSSIA,Тюменский меридиан,14-12 лет,ИЖ
8729,Новосибирская область,Новосибирск,RUSSIA,Тюменский меридиан,17-15 лет,ИЖ
8730,Новосибирская область,Новосибирск,RUSSIA,Тюменский меридиан,17-15 лет,ИЖ
8731,Ульяновская область,Ульяновск,RUSSIA,Тюменский меридиан,17-15 лет,ИЖ
8732,Алтайский край,Барнаул,RUSSIA,Тюменский меридиан,17-15 лет,ИЖ
8733,Ханты-Мансийский автономный округ - Югра,Сургут,RUSSIA,Тюменский меридиан,17-15 лет,ИЖ
8735,Свердловская область,Екатеринбург,RUSSIA,Тюменский меридиан,17-15 лет,ИЖ
8736,Ханты-Мансийский автономный округ - Югра,Нефтеюганск,RUSSIA,Тюменский меридиан,17-15 лет,ИЖ
8737,Челябинская область,Челябинск,RUSSIA,Тюменский меридиан,17-15 лет,ИЖ
8738,Республика Башкортостан,Стерлитамак,RUSSIA,Тюменский меридиан,17-15 лет,ИЖ
8739,Ульяновская область,Ульяновск,RUSSIA,Тюменский меридиан,17-15 лет,ИЖ
8740,Ульяновская область,Ульяновск,RUSSIA,Тюменский меридиан,17-15 лет,ИЖ
8741,Омская область,Омск,RUSSIA,Тюменский меридиан,17-15 лет,ИЖ
8743,Тюменская область,Тюмень,RUSSIA,Тюменский меридиан,17-15 лет,ИЖ
8744,Тюменская область,Тюмень,RUSSIA,Тюменский меридиан,17-15 лет,ИЖ
8745,Омская область,Омск,RUSSIA,Тюменский меридиан,17-15 лет,ИЖ
8746,Ханты-Мансийский автономный округ - Югра,Нефтеюганск,RUSSIA,Тюменский меридиан,17-15 лет,ИЖ
8747,Ханты-Мансийский автономный округ - Югра,Сургут,RUSSIA,Тюменский меридиан,17-15 лет,ИЖ
8748,Новосибирская область,Новосибирск,RUSSIA,Тюменский меридиан,17-15 лет,ИЖ
8749,Свердловская область,Ирбит,RUSSIA,Тюменский меридиан,17-15 лет,ИЖ
8750,Свердловская область,Екатеринбург,RUSSIA,Тюменский меридиан,17-15 лет,ИЖ
8752,Пермский край,Губаха,RUSSIA,Тюменский меридиан,17-15 лет,ИЖ
8777,Тюменская область,Тюмень,RUSSIA,Тюменский меридиан,17-15 лет,ИЖ
8754,Тюменская область,Тобольск,RUSSIA,Тюменский меридиан,17-15 лет,ИЖ
8755,Республика Башкортостан,Стерлитамак,RUSSIA,Тюменский меридиан,17-15 лет,ИЖ
8756,Ульяновская область,Ульяновск,RUSSIA,Тюменский меридиан,17-15 лет,ИЖ
8757,Ханты-Мансийский автономный округ - Югра,Сургут,RUSSIA,Тюменский меридиан,17-15 лет,ИЖ
8758,Свердловская область,Ирбит,RUSSIA,Тюменский меридиан,17-15 лет,ИЖ
8759,Ростовская область,Ростов-на-Дону,RUSSIA,Тюменский меридиан,17-15 лет,ИЖ
8762,Ульяновская область,Ульяновск,RUSSIA,Тюменский меридиан,17-15 лет,ИЖ
8725,Свердловская область,Екатеринбург,RUSSIA,Тюменский меридиан,14-12 лет,ИЖ
8764,Ханты-Мансийский автономный округ - Югра,Сургут,RUSSIA,Тюменский меридиан,17-15 лет,ИЖ
8765,Новосибирская область,Новосибирск,RUSSIA,Тюменский меридиан,17-15 лет,ИЖ
8766,Республика Башкортостан,Стерлитамак,RUSSIA,Тюменский меридиан,17-15 лет,ИЖ
8767,Новосибирская область,Новосибирск,RUSSIA,Тюменский меридиан,17-15 лет,ИЖ
8768,Ульяновская область,Ульяновск,RUSSIA,Тюменский меридиан,17-15 лет,ИЖ
8769,Пермский край,Пермь,RUSSIA,Тюменский меридиан,17-15 лет,ИЖ
8770,Ульяновская область,Ульяновск,RUSSIA,Тюменский меридиан,17-15 лет,ИЖ
8771,Пермский край,Губаха,RUSSIA,Тюменский меридиан,17-15 лет,ИЖ
8772,Ханты-Мансийский автономный округ - Югра,Сургут,RUSSIA,Тюменский меридиан,17-15 лет,ИЖ
8773,Ханты-Мансийский автономный округ - Югра,Нефтеюганск,RUSSIA,Тюменский меридиан,17-15 лет,ИЖ
8774,Ханты-Мансийский автономный округ - Югра,Нефтеюганск,RUSSIA,Тюменский меридиан,17-15 лет,ИЖ
8775,Новосибирская область,Новосибирск,RUSSIA,Тюменский меридиан,17-15 лет,ИЖ
8779,Ханты-Мансийский автономный округ - Югра,Сургут,RUSSIA,Тюменский меридиан,17-15 лет,ИЖ
8728,Новосибирская область,Новосибирск,RUSSIA,Тюменский меридиан,14-12 лет,ИЖ
8778,Пермский край,Пермь,RUSSIA,Тюменский меридиан,17-15 лет,ИЖ
8776,Красноярский край,Красноярск,RUSSIA,Тюменский меридиан,17-15 лет,ИЖ
8727,Новосибирская область,Новосибирск,RUSSIA,Тюменский меридиан,14-12 лет,ИЖ
8726,Новосибирская область,Новосибирск,RUSSIA,Тюменский меридиан,14-12 лет,ИЖ
8763,Пермский край,Пермь,RUSSIA,Тюменский меридиан,17-15 лет,ИЖ
8790,Ульяновская область,Ульяновск,RUSSIA,Тюменский меридиан,17-15 лет,ИЖ
8781,Свердловская область,Екатеринбург,RUSSIA,Тюменский меридиан,17-15 лет,ИЖ
8782,Тюменская область,Тюмень,RUSSIA,Тюменский меридиан,17-15 лет,ИЖ
8833,Алтайский край,Барнаул,RUSSIA,Тюменский меридиан,14-12 лет,ИМ
8784,Тюменская область,Тобольск,RUSSIA,Тюменский меридиан,17-15 лет,ИЖ
8785,Новосибирская область,Новосибирск,RUSSIA,Тюменский меридиан,17-15 лет,ИЖ
8786,Омская область,Омск,RUSSIA,Тюменский меридиан,17-15 лет,ИЖ
8787,Свердловская область,Екатеринбург,RUSSIA,Тюменский меридиан,17-15 лет,ИЖ
8783,Омская область,Омск,RUSSIA,Тюменский меридиан,17-15 лет,ИЖ
8791,Ханты-Мансийский автономный округ - Югра,Нефтеюганск,RUSSIA,Тюменский меридиан,17-15 лет,ИЖ
8792,Красноярский край,Красноярск,RUSSIA,Тюменский меридиан,17-15 лет,ИЖ
8793,Красноярский край,Красноярск,RUSSIA,Тюменский меридиан,17-15 лет,ИЖ
8794,Омская область,Омск,RUSSIA,Тюменский меридиан,17-15 лет,ИЖ
8795,Красноярский край,Красноярск,RUSSIA,Тюменский меридиан,17-15 лет,ИЖ
8796,Тюменская область,Тюмень,RUSSIA,Тюменский меридиан,17-15 лет,ИЖ
8808,Свердловская область,Екатеринбург,RUSSIA,Тюменский меридиан,17-15 лет,ТР
8810,Ульяновская область,Ульяновск,RUSSIA,Тюменский меридиан,17-15 лет,ТР
8798,Свердловская область,Екатеринбург,RUSSIA,Тюменский меридиан,17-15 лет,ТР
8799,Ханты-Мансийский автономный округ - Югра,Нефтеюганск,RUSSIA,Тюменский меридиан,17-15 лет,ТР
8800,Ханты-Мансийский автономный округ - Югра,Нефтеюганск,RUSSIA,Тюменский меридиан,17-15 лет,ТР
8801,Ульяновская область,Ульяновск,RUSSIA,Тюменский меридиан,17-15 лет,ТР
8802,Красноярский край,Красноярск,RUSSIA,Тюменский меридиан,17-15 лет,ТР
8803,Республика Башкортостан,Стерлитамак,RUSSIA,Тюменский меридиан,17-15 лет,ТР
8804,Новосибирская область,Новосибирск,RUSSIA,Тюменский меридиан,17-15 лет,ТР
8805,Омская область,Омск,RUSSIA,Тюменский меридиан,17-15 лет,ТР
8806,Новосибирская область,Новосибирск,RUSSIA,Тюменский меридиан,17-15 лет,ТР
8807,Алтайский край,Барнаул,RUSSIA,Тюменский меридиан,17-15 лет,ТР
8789,Новосибирская область,Новосибирск,RUSSIA,Тюменский меридиан,17-15 лет,ИЖ
8809,Тюменская область,Тюмень,RUSSIA,Тюменский меридиан,17-15 лет,ТР
8832,Омская область,Омск,RUSSIA,Тюменский меридиан,14-12 лет,ИМ
8831,Самарская область,Самара,RUSSIA,Тюменский меридиан,14-12 лет,ИМ
8830,Ульяновская область,Ульяновск,RUSSIA,Тюменский меридиан,14-12 лет,ИМ
8829,Свердловская область,Екатеринбург,RUSSIA,Тюменский меридиан,14-12 лет,ИМ
8825,Омская область,Омск,RUSSIA,Тюменский меридиан,14-12 лет,ТГ
8828,Москва,Москва,RUSSIA,Тюменский меридиан,14-12 лет,ИМ
8824,Новосибирская область,Новосибирск,RUSSIA,Тюменский меридиан,14-12 лет,ТГ
8827,Ханты-Мансийский автономный округ - Югра,Сургут,RUSSIA,Тюменский меридиан,14-12 лет,ИМ
8823,Тюменская область,Тюмень,RUSSIA,Тюменский меридиан,14-12 лет,ТГ
8826,Алтайский край,Барнаул,RUSSIA,Тюменский меридиан,14-12 лет,ИМ
8822,Новосибирская область,Новосибирск,RUSSIA,Тюменский меридиан,14-12 лет,ТГ
8834,Свердловская область,Екатеринбург,RUSSIA,Тюменский меридиан,14-12 лет,ИМ
8821,Пермский край,Верещагино,RUSSIA,Тюменский меридиан,14-12 лет,ТГ
8819,Алтайский край,Барнаул,RUSSIA,Тюменский меридиан,14-12 лет,ТГ
8818,Новосибирская область,Новосибирск,RUSSIA,Тюменский меридиан,14-12 лет,ТГ
8817,Свердловская область,Ирбит,RUSSIA,Тюменский меридиан,14-12 лет,ТГ
8816,Ханты-Мансийский автономный округ - Югра,Сургут,RUSSIA,Тюменский меридиан,14-12 лет,ТГ
8815,Ханты-Мансийский автономный округ - Югра,Нефтеюганск,RUSSIA,Тюменский меридиан,14-12 лет,ТГ
8814,Новосибирская область,Новосибирск,RUSSIA,Тюменский меридиан,14-12 лет,ТГ
8813,Пермский край,Пермь,RUSSIA,Тюменский меридиан,17-15 лет,ТР
8812,Пермский край,Губаха,RUSSIA,Тюменский меридиан,17-15 лет,ТР
8811,Ханты-Мансийский автономный округ - Югра,Сургут,RUSSIA,Тюменский меридиан,17-15 лет,ТР
8797,Тюменская область,Тюмень,RUSSIA,Тюменский меридиан,17-15 лет,ТР
8835,Тюменская область,Тюмень,RUSSIA,Тюменский меридиан,14-12 лет,ИМ
9028,Тюменская область,Тюмень,RUSSIA,Тюменский меридиан,14-12 лет,ТР
9029,Ханты-Мансийский автономный округ - Югра,Нефтеюганск,RUSSIA,Тюменский меридиан,14-12 лет,ТР
9030,Новосибирская область,Новосибирск,RUSSIA,Тюменский меридиан,14-12 лет,ТР
9031,Ямало-Ненецкий автономный округ,Салехард,RUSSIA,Тюменский меридиан,14-12 лет,ТР
9032,Новосибирская область,Новосибирск,RUSSIA,Тюменский меридиан,14-12 лет,ТР
9033,Новосибирская область,Новосибирск,RUSSIA,Тюменский меридиан,14-12 лет,ТР
9034,Новосибирская область,Новосибирск,RUSSIA,Тюменский меридиан,14-12 лет,ТР
9035,Ульяновская область,Ульяновск,RUSSIA,Тюменский меридиан,14-12 лет,ТР
9036,Пермский край,Пермь,RUSSIA,Тюменский меридиан,14-12 лет,ТР
9037,Свердловская область,Ирбит,RUSSIA,Тюменский меридиан,14-12 лет,ТР
9038,Новосибирская область,Новосибирск,RUSSIA,Тюменский меридиан,14-12 лет,ТР
9039,Калининградская область,Калининград,RUSSIA,Тюменский меридиан,14-12 лет,ТР
9040,Омская область,Омск,RUSSIA,Тюменский меридиан,14-12 лет,ТР
9041,Свердловская область,Екатеринбург,RUSSIA,Тюменский меридиан,14-12 лет,ТР
9042,Оренбургская область,Новотроицк,RUSSIA,Тюменский меридиан,14-12 лет,ТР
9043,Новосибирская область,Новосибирск,RUSSIA,Тюменский меридиан,14-12 лет,ТР
9044,Оренбургская область,Новотроицк,RUSSIA,Тюменский меридиан,14-12 лет,ТР
9045,Пермский край,Пермь,RUSSIA,Тюменский меридиан,14-12 лет,ТР
9046,Алтайский край,Барнаул,RUSSIA,Тюменский меридиан,14-12 лет,ТР
9047,Омская область,Омск,RUSSIA,Тюменский меридиан,14-12 лет,ТР
9048,Челябинская область,Челябинск,RUSSIA,Тюменский меридиан,14-12 лет,ТР
9049,Свердловская область,Екатеринбург,RUSSIA,Тюменский меридиан,14-12 лет,ТР
9050,Республика Башкортостан,Стерлитамак,RUSSIA,Тюменский меридиан,14-12 лет,ТР
9051,Тульская область,Тула,RUSSIA,Тюменский меридиан,14-12 лет,ТР
9052,Новосибирская область,Новосибирск,RUSSIA,Тюменский меридиан,14-12 лет,ТР
9053,Московская область,Солнечногорск,RUSSIA,Тюменский меридиан,14-12 лет,ТР
9054,Ульяновская область,Ульяновск,RUSSIA,Тюменский меридиан,14-12 лет,ТР
9055,Ульяновская область,Ульяновск,RUSSIA,Тюменский меридиан,14-12 лет,ТР
9056,Свердловская область,Ирбит,RUSSIA,Тюменский меридиан,14-12 лет,ТР
9057,Свердловская область,Екатеринбург,RUSSIA,Тюменский меридиан,14-12 лет,ТР
9059,Новосибирская область,Новосибирск,RUSSIA,Тюменский меридиан,18+ лет,ИЖ
9060,Свердловская область,Екатеринбург,RUSSIA,Тюменский меридиан,18+ лет,ИЖ
9062,Свердловская область,Екатеринбург,RUSSIA,Тюменский меридиан,18+ лет,ИЖ
9064,Новосибирская область,Новосибирск,RUSSIA,Тюменский меридиан,18+ лет,ИЖ
9065,Ульяновская область,Ульяновск,RUSSIA,Тюменский меридиан,18+ лет,ИЖ
9066,Свердловская область,Екатеринбург,RUSSIA,Тюменский меридиан,18+ лет,ИЖ
9067,Красноярский край,Красноярск,RUSSIA,Тюменский меридиан,18+ лет,ИЖ
9068,Ульяновская область,Ульяновск,RUSSIA,Тюменский меридиан,18+ лет,ИЖ
9069,Новосибирская область,Новосибирск,RUSSIA,Тюменский меридиан,18+ лет,ИЖ
9070,Свердловская область,Екатеринбург,RUSSIA,Тюменский меридиан,18+ лет,ИЖ
9071,Ростовская область,Ростов-на-Дону,RUSSIA,Тюменский меридиан,18+ лет,ИЖ
9072,Тюменская область,Тюмень,RUSSIA,Тюменский меридиан,18+ лет,ИЖ
9073,Свердловская область,Ирбит,RUSSIA,Тюменский меридиан,18+ лет,ИЖ
9074,Новосибирская область,Новосибирск,RUSSIA,Тюменский меридиан,18+ лет,ИЖ
9076,Ульяновская область,Ульяновск,RUSSIA,Тюменский меридиан,18+ лет,ИЖ
9077,Ульяновская область,Ульяновск,RUSSIA,Тюменский меридиан,18+ лет,ИЖ
9078,Ульяновская область,Ульяновск,RUSSIA,Тюменский меридиан,18+ лет,ИЖ
9080,Ростовская область,Ростов-на-Дону,RUSSIA,Тюменский меридиан,18+ лет,ИЖ
9081,Свердловская область,Екатеринбург,RUSSIA,Тюменский меридиан,18+ лет,ИЖ
9085,Свердловская область,Екатеринбург,RUSSIA,Тюменский меридиан,18+ лет,ИЖ
9086,Республика Башкортостан,Стерлитамак,RUSSIA,Тюменский меридиан,14-12 лет,ГР
9087,Алтайский край,Барнаул,RUSSIA,Тюменский меридиан,14-12 лет,ГР
9088,Московская область,Солнечногорск,RUSSIA,Тюменский меридиан,14-12 лет,ГР
9089,Ульяновская область,Ульяновск,RUSSIA,Тюменский меридиан,14-12 лет,ГР
9090,Ханты-Мансийский автономный округ - Югра,Нефтеюганск,RUSSIA,Тюменский меридиан,14-12 лет,ГР
9091,Новосибирская область,Новосибирск,RUSSIA,Тюменский меридиан,14-12 лет,ГР
9092,Новосибирская область,Новосибирск,RUSSIA,Тюменский меридиан,14-12 лет,ГР
9093,Тюменская область,Тюмень,RUSSIA,Тюменский меридиан,14-12 лет,ГР
9094,Тюменская область,Тобольск,RUSSIA,Тюменский меридиан,14-12 лет,ГР
9095,Оренбургская область,Новотроицк,RUSSIA,Тюменский меридиан,14-12 лет,ГР
9096,Ханты-Мансийский автономный округ - Югра,Сургут,RUSSIA,Тюменский меридиан,14-12 лет,ГР
9097,Свердловская область,Екатеринбург,RUSSIA,Тюменский меридиан,14-12 лет,ГР
9098,Новосибирская область,Новосибирск,RUSSIA,Тюменский меридиан,14-12 лет,ГР
9099,Новосибирская область,Новосибирск,RUSSIA,Тюменский меридиан,14-12 лет,ГР
9100,Калининградская область,Калининград,RUSSIA,Тюменский меридиан,14-12 лет,ГР
9101,Свердловская область,Екатеринбург,RUSSIA,Тюменский меридиан,14-12 лет,ГР
9102,Челябинская область,Челябинск,RUSSIA,Тюменский меридиан,14-12 лет,ГР
9103,Тюменская область,Тюмень,RUSSIA,Тюменский меридиан,14-12 лет,ГР
9104,Новосибирская область,Новосибирск,RUSSIA,Тюменский меридиан,17-15 лет,ИМ
9105,Новосибирская область,Новосибирск,RUSSIA,Тюменский меридиан,17-15 лет,ИМ
9106,Новосибирская область,Новосибирск,RUSSIA,Тюменский меридиан,17-15 лет,ИМ
9107,Красноярский край,Красноярск,RUSSIA,Тюменский меридиан,17-15 лет,ИМ
9108,Ульяновская область,Ульяновск,RUSSIA,Тюменский меридиан,17-15 лет,ИМ
9083,Новосибирская область,Новосибирск,RUSSIA,Тюменский меридиан,18+ лет,ИЖ
9110,Тульская область,Тула,RUSSIA,Тюменский меридиан,17-15 лет,ИМ
9111,Ханты-Мансийский автономный округ - Югра,Нефтеюганск,RUSSIA,Тюменский меридиан,17-15 лет,ИМ
9112,Ульяновская область,Ульяновск,RUSSIA,Тюменский меридиан,17-15 лет,ИМ
9113,Ханты-Мансийский автономный округ - Югра,Югорск,RUSSIA,Тюменский меридиан,17-15 лет,ИМ
9114,Москва,Москва,RUSSIA,Тюменский меридиан,17-15 лет,ИМ
9115,Новосибирская область,Новосибирск,RUSSIA,Тюменский меридиан,17-15 лет,ИМ
9116,Омская область,Омск,RUSSIA,Тюменский меридиан,17-15 лет,ТГ
9117,Пермский край,Губаха,RUSSIA,Тюменский меридиан,17-15 лет,ТГ
9118,Ханты-Мансийский автономный округ - Югра,Сургут,RUSSIA,Тюменский меридиан,17-15 лет,ТГ
9119,Тюменская область,Тюмень,RUSSIA,Тюменский меридиан,17-15 лет,ТГ
9144,Алтайский край,Барнаул,RUSSIA,Тюменский меридиан,14-12 лет,СП
9145,Ханты-Мансийский автономный округ - Югра,Сургут,RUSSIA,Тюменский меридиан,14-12 лет,СП
9146,Омская область,Омск,RUSSIA,Тюменский меридиан,14-12 лет,СП
9147,Тюменская область,Тюмень,RUSSIA,Тюменский меридиан,14-12 лет,СП
9148,Свердловская область,Екатеринбург,RUSSIA,Тюменский меридиан,14-12 лет,СП
9149,Ханты-Мансийский автономный округ - Югра,Нефтеюганск,RUSSIA,Тюменский меридиан,17-15 лет,СП
9150,Ульяновская область,Ульяновск,RUSSIA,Тюменский меридиан,17-15 лет,СП
9151,Новосибирская область,Новосибирск,RUSSIA,Тюменский меридиан,17-15 лет,СП
9152,Ульяновская область,Ульяновск,RUSSIA,Тюменский меридиан,17-15 лет,СП
9154,Ульяновская область,Ульяновск,RUSSIA,Тюменский меридиан,18+ лет,ТР
9155,Новосибирская область,Новосибирск,RUSSIA,Тюменский меридиан,18+ лет,ТР
9156,Свердловская область,Екатеринбург,RUSSIA,Тюменский меридиан,18+ лет,ТР
9153,Новосибирская область,Новосибирск,RUSSIA,Тюменский меридиан,18+ лет,ТР
9120,Новосибирская область,Новосибирск,RUSSIA,Тюменский меридиан,14-12 лет,ИЖ
9121,Свердловская область,Екатеринбург,RUSSIA,Тюменский меридиан,14-12 лет,ИЖ
9122,Ханты-Мансийский автономный округ - Югра,Сургут,RUSSIA,Тюменский меридиан,14-12 лет,ИЖ
9123,Тюменская область,Тюмень,RUSSIA,Тюменский меридиан,14-12 лет,ИЖ
9124,Новосибирская область,Новосибирск,RUSSIA,Тюменский меридиан,14-12 лет,ИЖ
9125,Москва,Москва,RUSSIA,Тюменский меридиан,14-12 лет,ИЖ
9126,Калининградская область,Калининград,RUSSIA,Тюменский меридиан,14-12 лет,ИЖ
9127,Москва,Москва,RUSSIA,Тюменский меридиан,14-12 лет,ИЖ
9128,Алтайский край,Барнаул,RUSSIA,Тюменский меридиан,14-12 лет,ТГ
9129,Новосибирская область,Новосибирск,RUSSIA,Тюменский меридиан,14-12 лет,ТГ
9130,Ханты-Мансийский автономный округ - Югра,Сургут,RUSSIA,Тюменский меридиан,14-12 лет,ТГ
9131,Свердловская область,Ирбит,RUSSIA,Тюменский меридиан,14-12 лет,ТГ
9132,Новосибирская область,Новосибирск,RUSSIA,Тюменский меридиан,14-12 лет,ТГ
9133,Новосибирская область,Новосибирск,RUSSIA,Тюменский меридиан,14-12 лет,ТГ
9134,Новосибирская область,Новосибирск,RUSSIA,Тюменский меридиан,14-12 лет,ТГ
9135,Омская область,Омск,RUSSIA,Тюменский меридиан,14-12 лет,ТГ
9136,Тюменская область,Тюмень,RUSSIA,Тюменский меридиан,17-15 лет,ИЖ
9137,Свердловская область,Екатеринбург,RUSSIA,Тюменский меридиан,17-15 лет,ИЖ
9138,Свердловская область,Екатеринбург,RUSSIA,Тюменский меридиан,17-15 лет,ИЖ
9139,Свердловская область,Екатеринбург,RUSSIA,Тюменский меридиан,17-15 лет,ИЖ
9140,Ульяновская область,Ульяновск,RUSSIA,Тюменский меридиан,17-15 лет,ИЖ
9141,Омская область,Омск,RUSSIA,Тюменский меридиан,17-15 лет,ИЖ
9142,Новосибирская область,Новосибирск,RUSSIA,Тюменский меридиан,17-15 лет,ИЖ
9143,Новосибирская область,Новосибирск,RUSSIA,Тюменский меридиан,17-15 лет,ИЖ
9082,Московская область,Домодедово,RUSSIA,Тюменский меридиан,18+ лет,ИЖ
9504,Омская область,Омск,RUSSIA,Тюменский меридиан,14-12 лет,ИМ
9505,Москва,Москва,RUSSIA,Тюменский меридиан,17-15 лет,ИМ
9465,Ульяновская область,Ульяновск,RUSSIA,Тюменский меридиан,18+ лет,ГР
9511,Новосибирская область,Новосибирск,RUSSIA,Тюменский меридиан,17-15 лет,ИМ
9497,Свердловская область,Екатеринбург,RUSSIA,Тюменский меридиан,14-12 лет,ИМ
9510,Красноярский край,Красноярск,RUSSIA,Тюменский меридиан,17-15 лет,ИМ
9517,Ульяновская область,Ульяновск,RUSSIA,Тюменский меридиан,18+ лет,ИЖ
9474,Новосибирская область,Новосибирск,RUSSIA,Тюменский меридиан,14-12 лет,ТР
9475,Алтайский край,Барнаул,RUSSIA,Тюменский меридиан,14-12 лет,ТР
9476,Омская область,Омск,RUSSIA,Тюменский меридиан,14-12 лет,ТР
9477,Тульская область,Тула,RUSSIA,Тюменский меридиан,14-12 лет,ТР
9478,Новосибирская область,Новосибирск,RUSSIA,Тюменский меридиан,14-12 лет,ТР
9479,Новосибирская область,Новосибирск,RUSSIA,Тюменский меридиан,14-12 лет,ТР
9480,Новосибирская область,Новосибирск,RUSSIA,Тюменский меридиан,14-12 лет,ТР
9481,Алтайский край,Барнаул,RUSSIA,Тюменский меридиан,17-15 лет,ТР
9482,Свердловская область,Екатеринбург,RUSSIA,Тюменский меридиан,17-15 лет,ТР
9483,Омская область,Омск,RUSSIA,Тюменский меридиан,17-15 лет,ТР
9484,Новосибирская область,Новосибирск,RUSSIA,Тюменский меридиан,17-15 лет,ТР
9485,Ханты-Мансийский автономный округ - Югра,Нефтеюганск,RUSSIA,Тюменский меридиан,17-15 лет,ТР
9486,Свердловская область,Екатеринбург,RUSSIA,Тюменский меридиан,17-15 лет,ТР
9487,Тюменская область,Тюмень,RUSSIA,Тюменский меридиан,17-15 лет,ТР
9488,Новосибирская область,Новосибирск,RUSSIA,Тюменский меридиан,17-15 лет,ТР
9489,Свердловская область,Екатеринбург,RUSSIA,Тюменский меридиан,14-12 лет,ГР
9490,Алтайский край,Барнаул,RUSSIA,Тюменский меридиан,14-12 лет,ГР
9491,Тюменская область,Тюмень,RUSSIA,Тюменский меридиан,14-12 лет,ГР
9492,Ульяновская область,Ульяновск,RUSSIA,Тюменский меридиан,14-12 лет,ГР
9493,Калининградская область,Калининград,RUSSIA,Тюменский меридиан,14-12 лет,ГР
9494,Ханты-Мансийский автономный округ - Югра,Сургут,RUSSIA,Тюменский меридиан,14-12 лет,ГР
9495,Новосибирская область,Новосибирск,RUSSIA,Тюменский меридиан,14-12 лет,ГР
9496,Новосибирская область,Новосибирск,RUSSIA,Тюменский меридиан,14-12 лет,ГР
9473,Новосибирская область,Новосибирск,RUSSIA,Тюменский меридиан,14-12 лет,ТР
9520,Новосибирская область,Новосибирск,RUSSIA,Тюменский меридиан,18+ лет,ИЖ
9498,Тюменская область,Тюмень,RUSSIA,Тюменский меридиан,14-12 лет,ИМ
9499,Алтайский край,Барнаул,RUSSIA,Тюменский меридиан,14-12 лет,ИМ
9500,Самарская область,Самара,RUSSIA,Тюменский меридиан,14-12 лет,ИМ
9501,Москва,Москва,RUSSIA,Тюменский меридиан,14-12 лет,ИМ
9502,Алтайский край,Барнаул,RUSSIA,Тюменский меридиан,14-12 лет,ИМ
9503,Ханты-Мансийский автономный округ - Югра,Сургут,RUSSIA,Тюменский меридиан,14-12 лет,ИМ
9450,Алтайский край,Барнаул,RUSSIA,Тюменский меридиан,14-12 лет,ГП
9452,Ханты-Мансийский автономный округ - Югра,Сургут,RUSSIA,Тюменский меридиан,14-12 лет,ГП
9454,Республика Башкортостан,Уфа,RUSSIA,Тюменский меридиан,14-12 лет,ГП
9456,Ульяновская область,Ульяновск,RUSSIA,Тюменский меридиан,14-12 лет,ГП
9457,Новосибирская область,Новосибирск,RUSSIA,Тюменский меридиан,14-12 лет,ГП
9458,Свердловская область,Екатеринбург,RUSSIA,Тюменский меридиан,14-12 лет,ГП
9459,Ханты-Мансийский автономный округ - Югра,Сургут,RUSSIA,Тюменский меридиан,14-12 лет,ГП
9460,Новосибирская область,Новосибирск,RUSSIA,Тюменский меридиан,17-15 лет,ГП
9461,Ханты-Мансийский автономный округ - Югра,Сургут,RUSSIA,Тюменский меридиан,17-15 лет,ГП
9462,Ханты-Мансийский автономный округ - Югра,Нефтеюганск,RUSSIA,Тюменский меридиан,17-15 лет,ГП
9463,Тюменская область,Тюмень,RUSSIA,Тюменский меридиан,17-15 лет,ГП
9513,Свердловская область,Екатеринбург,RUSSIA,Тюменский меридиан,18+ лет,ИЖ
9514,Новосибирская область,Новосибирск,RUSSIA,Тюменский меридиан,18+ лет,ИЖ
9515,Свердловская область,Екатеринбург,RUSSIA,Тюменский меридиан,18+ лет,ИЖ
9516,Тюменская область,Тюмень,RUSSIA,Тюменский меридиан,18+ лет,ИЖ
9518,Новосибирская область,Новосибирск,RUSSIA,Тюменский меридиан,18+ лет,ИЖ
9519,Новосибирская область,Новосибирск,RUSSIA,Тюменский меридиан,18+ лет,ИЖ
9506,Тульская область,Тула,RUSSIA,Тюменский меридиан,17-15 лет,ИМ
9507,Ханты-Мансийский автономный округ - Югра,Нефтеюганск,RUSSIA,Тюменский меридиан,17-15 лет,ИМ
9508,Ханты-Мансийский автономный округ - Югра,Югорск,RUSSIA,Тюменский меридиан,17-15 лет,ИМ
9509,Ульяновская область,Ульяновск,RUSSIA,Тюменский меридиан,17-15 лет,ИМ
9512,Новосибирская область,Новосибирск,RUSSIA,Тюменский меридиан,17-15 лет,ИМ
9466,Свердловская область,Екатеринбург,RUSSIA,Тюменский меридиан,17-15 лет,ГР
9467,Республика Башкортостан,Стерлитамак,RUSSIA,Тюменский меридиан,17-15 лет,ГР
9468,Новосибирская область,Новосибирск,RUSSIA,Тюменский меридиан,17-15 лет,ГР
9469,Омская область,Омск,RUSSIA,Тюменский меридиан,17-15 лет,ГР
9470,Тюменская область,Тюмень,RUSSIA,Тюменский меридиан,17-15 лет,ГР
9471,Ханты-Мансийский автономный округ - Югра,Сургут,RUSSIA,Тюменский меридиан,17-15 лет,ГР
9472,Ханты-Мансийский автономный округ - Югра,Сургут,RUSSIA,Тюменский меридиан,17-15 лет,ГР
9058,Ульяновская область,Ульяновск,RUSSIA,Тюменский меридиан,18+ лет,ИЖ
9109,Ханты-Мансийский автономный округ - Югра,Югорск,RUSSIA,Тюменский меридиан,17-15 лет,ИМ
8734,Новосибирская область,Новосибирск,RUSSIA,Тюменский меридиан,17-15 лет,ИЖ
9063,Оренбургская область,Новотроицк,RUSSIA,Тюменский меридиан,18+ лет,ИЖ
8641,Тюменская область,Тюмень,RUSSIA,Тюменский меридиан,14-12 лет,ИЖ
8645,Московская область,Солнечногорск,RUSSIA,Тюменский меридиан,14-12 лет,ИЖ
8742,Пермский край,Пермь,RUSSIA,Тюменский меридиан,17-15 лет,ИЖ
9075,Новосибирская область,Новосибирск,RUSSIA,Тюменский меридиан,18+ лет,ИЖ
8653,Челябинская область,Челябинск,RUSSIA,Тюменский меридиан,14-12 лет,ИЖ
9079,Новосибирская область,Новосибирск,RUSSIA,Тюменский меридиан,18+ лет,ИЖ
8751,Республика Башкортостан,Стерлитамак,RUSSIA,Тюменский меридиан,17-15 лет,ИЖ
8753,Свердловская область,Екатеринбург,RUSSIA,Тюменский меридиан,17-15 лет,ИЖ
9084,Свердловская область,Ирбит,RUSSIA,Тюменский меридиан,18+ лет,ИЖ
8760,Свердловская область,Екатеринбург,RUSSIA,Тюменский меридиан,17-15 лет,ИЖ
10452,Тюменская область,Тюмень,REGION,Чемпионат и первенство Тюменской области по спортивной аэробике,17-15 лет,ИЖ
10447,Тюменская область,Тюмень,REGION,Чемпионат и первенство Тюменской области по спортивной аэробике,17-15 лет,ИЖ
10446,Тюменская область,Боровский,REGION,Чемпионат и первенство Тюменской области по спортивной аэробике,17-15 лет,ИЖ
10451,Тюменская область,Тюмень,REGION,Чемпионат и первенство Тюменской области по спортивной аэробике,17-15 лет,ИЖ
10448,Тюменская область,Тобольск,REGION,Чемпионат и первенство Тюменской области по спортивной аэробике,17-15 лет,ИЖ
10450,Тюменская область,Тюмень,REGION,Чемпионат и первенство Тюменской области по спортивной аэробике,17-15 лет,ИЖ
10449,Тюменская область,Тобольск,REGION,Чемпионат и первенство Тюменской области по спортивной аэробике,17-15 лет,ИЖ
10471,Тюменская область,Тюмень,REGION,Чемпионат и первенство Тюменской области по спортивной аэробике,17-15 лет,ТР
10479,Тюменская область,Тюмень,REGION,Чемпионат и первенство Тюменской области по спортивной аэробике,14-12 лет,ГР
10486,Тюменская область,Тюмень,REGION,Чемпионат и первенство Тюменской области по спортивной аэробике,11-9 лет,ГР
10433,Тюменская область,Тюмень,REGION,Чемпионат и первенство Тюменской области по спортивной аэробике,14-12 лет,ИЖ
10434,Тюменская область,Тюмень,REGION,Чемпионат и первенство Тюменской области по спортивной аэробике,14-12 лет,ИЖ
10435,Тюменская область,Тобольск,REGION,Чемпионат и первенство Тюменской области по спортивной аэробике,14-12 лет,ИЖ
10436,Тюменская область,Тюмень,REGION,Чемпионат и первенство Тюменской области по спортивной аэробике,14-12 лет,ИЖ
10429,Тюменская область,Тобольск,REGION,Чемпионат и первенство Тюменской области по спортивной аэробике,14-12 лет,ИЖ
10430,Тюменская область,Тюмень,REGION,Чемпионат и первенство Тюменской области по спортивной аэробике,14-12 лет,ИЖ
10431,Тюменская область,Боровский,REGION,Чемпионат и первенство Тюменской области по спортивной аэробике,14-12 лет,ИЖ
10432,Тюменская область,Тюмень,REGION,Чемпионат и первенство Тюменской области по спортивной аэробике,14-12 лет,ИЖ
10437,Тюменская область,Боровский,REGION,Чемпионат и первенство Тюменской области по спортивной аэробике,11-9 лет,ИЖ
10438,Тюменская область,Тюмень,REGION,Чемпионат и первенство Тюменской области по спортивной аэробике,11-9 лет,ИЖ
10439,Тюменская область,Заводоуковск,REGION,Чемпионат и первенство Тюменской области по спортивной аэробике,11-9 лет,ИЖ
10440,Тюменская область,Боровский,REGION,Чемпионат и первенство Тюменской области по спортивной аэробике,11-9 лет,ИЖ
10441,Тюменская область,Боровский,REGION,Чемпионат и первенство Тюменской области по спортивной аэробике,11-9 лет,ИЖ
10442,Тюменская область,Боровский,REGION,Чемпионат и первенство Тюменской области по спортивной аэробике,11-9 лет,ИЖ
10443,Тюменская область,Тюмень,REGION,Чемпионат и первенство Тюменской области по спортивной аэробике,11-9 лет,ИЖ
10444,Тюменская область,Тюмень,REGION,Чемпионат и первенство Тюменской области по спортивной аэробике,11-9 лет,ИЖ
10453,Тюменская область,Тюмень,REGION,Чемпионат и первенство Тюменской области по спортивной аэробике,11-9 лет,ТР
10454,Тюменская область,Тюмень,REGION,Чемпионат и первенство Тюменской области по спортивной аэробике,11-9 лет,ТР
10455,Тюменская область,Заводоуковск,REGION,Чемпионат и первенство Тюменской области по спортивной аэробике,11-9 лет,ТР
10456,Тюменская область,Тюмень,REGION,Чемпионат и первенство Тюменской области по спортивной аэробике,11-9 лет,ТР
10457,Тюменская область,Тюмень,REGION,Чемпионат и первенство Тюменской области по спортивной аэробике,11-9 лет,ТР
10458,Тюменская область,Тюмень,REGION,Чемпионат и первенство Тюменской области по спортивной аэробике,11-9 лет,ТР
10459,Тюменская область,Боровский,REGION,Чемпионат и первенство Тюменской области по спортивной аэробике,11-9 лет,ТР
10460,Тюменская область,Боровский,REGION,Чемпионат и первенство Тюменской области по спортивной аэробике,11-9 лет,ТР
10445,Тюменская область,Тюмень,REGION,Чемпионат и первенство Тюменской области по спортивной аэробике,17-15 лет,ИЖ
10462,Тюменская область,Тюмень,REGION,Чемпионат и первенство Тюменской области по спортивной аэробике,14-12 лет,ТР
10463,Тюменская область,Заводоуковск,REGION,Чемпионат и первенство Тюменской области по спортивной аэробике,14-12 лет,ТР
10464,Тюменская область,Тюмень,REGION,Чемпионат и первенство Тюменской области по спортивной аэробике,14-12 лет,ТР
10465,Тюменская область,Тюмень,REGION,Чемпионат и первенство Тюменской области по спортивной аэробике,14-12 лет,ТР
10466,Тюменская область,Тюмень,REGION,Чемпионат и первенство Тюменской области по спортивной аэробике,14-12 лет,ТР
10467,Тюменская область,Боровский,REGION,Чемпионат и первенство Тюменской области по спортивной аэробике,14-12 лет,ТР
10468,Тюменская область,Тюмень,REGION,Чемпионат и первенство Тюменской области по спортивной аэробике,14-12 лет,ТР
10461,Тюменская область,Тобольск,REGION,Чемпионат и первенство Тюменской области по спортивной аэробике,14-12 лет,ТР
10420,Тюменская область,Тюмень,REGION,Чемпионат и первенство Тюменской области по спортивной аэробике,18+ лет,ТГ
10421,Тюменская область,Тюмень,REGION,Чемпионат и первенство Тюменской области по спортивной аэробике,14-12 лет,ТГ
10422,Тюменская область,Тюмень,REGION,Чемпионат и первенство Тюменской области по спортивной аэробике,14-12 лет,ТГ
10423,Тюменская область,Тюмень,REGION,Чемпионат и первенство Тюменской области по спортивной аэробике,14-12 лет,ТГ
10424,Тюменская область,Тюмень,REGION,Чемпионат и первенство Тюменской области по спортивной аэробике,14-12 лет,ТГ
10425,Тюменская область,Тобольск,REGION,Чемпионат и первенство Тюменской области по спортивной аэробике,14-12 лет,ТГ
10426,Тюменская область,Тюмень,REGION,Чемпионат и первенство Тюменской области по спортивной аэробике,11-9 лет,ТГ
10427,Тюменская область,Тюмень,REGION,Чемпионат и первенство Тюменской области по спортивной аэробике,11-9 лет,ТГ
10428,Тюменская область,Тюмень,REGION,Чемпионат и первенство Тюменской области по спортивной аэробике,11-9 лет,ТГ
10469,Тюменская область,Тюмень,REGION,Чемпионат и первенство Тюменской области по спортивной аэробике,17-15 лет,ТР
10470,Тюменская область,Тюмень,REGION,Чемпионат и первенство Тюменской области по спортивной аэробике,17-15 лет,ТР
10472,Тюменская область,Тюмень,REGION,Чемпионат и первенство Тюменской области по спортивной аэробике,17-15 лет,ТР
10473,Тюменская область,Тюмень,REGION,Чемпионат и первенство Тюменской области по спортивной аэробике,17-15 лет,ТР
10474,Тюменская область,Тюмень,REGION,Чемпионат и первенство Тюменской области по спортивной аэробике,17-15 лет,ТР
10475,Тюменская область,Тюмень,REGION,Чемпионат и первенство Тюменской области по спортивной аэробике,17-15 лет,ТР
10476,Тюменская область,Тюмень,REGION,Чемпионат и первенство Тюменской области по спортивной аэробике,17-15 лет,ТР
10477,Тюменская область,Тобольск,REGION,Чемпионат и первенство Тюменской области по спортивной аэробике,14-12 лет,ГР
10478,Тюменская область,Тюмень,REGION,Чемпионат и первенство Тюменской области по спортивной аэробике,14-12 лет,ГР
10480,Тюменская область,Тюмень,REGION,Чемпионат и первенство Тюменской области по спортивной аэробике,14-12 лет,ГР
10481,Тюменская область,Тюмень,REGION,Чемпионат и первенство Тюменской области по спортивной аэробике,14-12 лет,ГР
10482,Тюменская область,Тюмень,REGION,Чемпионат и первенство Тюменской области по спортивной аэробике,14-12 лет,ГР
10483,Тюменская область,Тюмень,REGION,Чемпионат и первенство Тюменской области по спортивной аэробике,14-12 лет,ГР
10484,Тюменская область,Тюмень,REGION,Чемпионат и первенство Тюменской области по спортивной аэробике,11-9 лет,ГР
10485,Тюменская область,Тюмень,REGION,Чемпионат и первенство Тюменской области по спортивной аэробике,11-9 лет,ГР
10487,Тюменская область,Тюмень,REGION,Чемпионат и первенство Тюменской области по спортивной аэробике,11-9 лет,ГР
10488,Тюменская область,Тюмень,REGION,Чемпионат и первенство Тюменской области по спортивной аэробике,11-9 лет,ГР
10489,Тюменская область,Боровский,REGION,Чемпионат и первенство Тюменской области по спортивной аэробике,11-9 лет,ГР
10490,Тюменская область,Тюмень,REGION,Чемпионат и первенство Тюменской области по спортивной аэробике,11-9 лет,ГР
10491,Тюменская область,Тюмень,REGION,Чемпионат и первенство Тюменской области по спортивной аэробике,11-9 лет,ГР
10492,Тюменская область,Тюмень,REGION,Чемпионат и первенство Тюменской области по спортивной аэробике,14-12 лет,ГП
10493,Тюменская область,Заводоуковск,REGION,Чемпионат и первенство Тюменской области по спортивной аэробике,14-12 лет,ГП
10494,Тюменская область,Заводоуковск,REGION,Чемпионат и первенство Тюменской области по спортивной аэробике,14-12 лет,ГП
10495,Тюменская область,Тюмень,REGION,Чемпионат и первенство Тюменской области по спортивной аэробике,14-12 лет,ГП
10496,Тюменская область,Тюмень,REGION,Чемпионат и первенство Тюменской области по спортивной аэробике,14-12 лет,ГП
10497,Тюменская область,Тюмень,REGION,Чемпионат и первенство Тюменской области по спортивной аэробике,14-12 лет,ГП
10498,Тюменская область,Тюмень,REGION,Чемпионат и первенство Тюменской области по спортивной аэробике,11-9 лет,ГП
10499,Тюменская область,Заводоуковск,REGION,Чемпионат и первенство Тюменской области по спортивной аэробике,11-9 лет,ГП
10500,Тюменская область,Тюмень,REGION,Чемпионат и первенство Тюменской области по спортивной аэробике,11-9 лет,ГП
10501,Тюменская область,Тюмень,REGION,Чемпионат и первенство Тюменской области по спортивной аэробике,11-9 лет,ГП
10502,Тюменская область,Тюмень,REGION,Чемпионат и первенство Тюменской области по спортивной аэробике,17-15 лет,ГП
10503,Тюменская область,Тюмень,REGION,Чемпионат и первенство Тюменской области по спортивной аэробике,17-15 лет,ГП
10289,Тюменская область,Тюмень,REGION,Чемпионат и первенство Тюменской области по спортивной аэробике,17-15 лет,ГР
10204,Тюменская область,Тюмень,REGION,Чемпионат и первенство Тюменской области по спортивной аэробике,11-9 лет,ИЖ
10211,Тюменская область,Боровский,REGION,Чемпионат и первенство Тюменской области по спортивной аэробике,11-9 лет,ИЖ
10236,Тюменская область,Тюмень,REGION,Чемпионат и первенство Тюменской области по спортивной аэробике,14-12 лет,ТР
10170,Тюменская область,Тюмень,REGION,Чемпионат и первенство Тюменской области по спортивной аэробике,18+ лет,ТР
10171,Тюменская область,Тюмень,REGION,Чемпионат и первенство Тюменской области по спортивной аэробике,14-12 лет,ИЖ
10172,Тюменская область,Заводоуковск,REGION,Чемпионат и первенство Тюменской области по спортивной аэробике,14-12 лет,ИЖ
10173,Тюменская область,Тюмень,REGION,Чемпионат и первенство Тюменской области по спортивной аэробике,14-12 лет,ИЖ
10174,Тюменская область,Тюмень,REGION,Чемпионат и первенство Тюменской области по спортивной аэробике,14-12 лет,ИЖ
10176,Тюменская область,Тюмень,REGION,Чемпионат и первенство Тюменской области по спортивной аэробике,14-12 лет,ИЖ
10177,Тюменская область,Заводоуковск,REGION,Чемпионат и первенство Тюменской области по спортивной аэробике,14-12 лет,ИЖ
10179,Тюменская область,Тюмень,REGION,Чемпионат и первенство Тюменской области по спортивной аэробике,14-12 лет,ИЖ
10180,Тюменская область,Тюмень,REGION,Чемпионат и первенство Тюменской области по спортивной аэробике,14-12 лет,ИЖ
10181,Тюменская область,Тюмень,REGION,Чемпионат и первенство Тюменской области по спортивной аэробике,14-12 лет,ИЖ
10182,Тюменская область,Тюмень,REGION,Чемпионат и первенство Тюменской области по спортивной аэробике,14-12 лет,ИЖ
10183,Тюменская область,Тюмень,REGION,Чемпионат и первенство Тюменской области по спортивной аэробике,14-12 лет,ИЖ
10184,Тюменская область,Тобольск,REGION,Чемпионат и первенство Тюменской области по спортивной аэробике,14-12 лет,ИЖ
10185,Тюменская область,Тюмень,REGION,Чемпионат и первенство Тюменской области по спортивной аэробике,14-12 лет,ИЖ
10186,Тюменская область,Заводоуковск,REGION,Чемпионат и первенство Тюменской области по спортивной аэробике,14-12 лет,ИЖ
10187,Тюменская область,Заводоуковск,REGION,Чемпионат и первенство Тюменской области по спортивной аэробике,14-12 лет,ИЖ
10188,Тюменская область,Тюмень,REGION,Чемпионат и первенство Тюменской области по спортивной аэробике,14-12 лет,ИЖ
10189,Тюменская область,Тюмень,REGION,Чемпионат и первенство Тюменской области по спортивной аэробике,14-12 лет,ИЖ
10190,Тюменская область,Заводоуковск,REGION,Чемпионат и первенство Тюменской области по спортивной аэробике,14-12 лет,ИЖ
10191,Тюменская область,Тюмень,REGION,Чемпионат и первенство Тюменской области по спортивной аэробике,14-12 лет,ИЖ
10192,Тюменская область,Тобольск,REGION,Чемпионат и первенство Тюменской области по спортивной аэробике,14-12 лет,ИЖ
10193,Тюменская область,Тюмень,REGION,Чемпионат и первенство Тюменской области по спортивной аэробике,14-12 лет,ИЖ
10194,Тюменская область,Тобольск,REGION,Чемпионат и первенство Тюменской области по спортивной аэробике,14-12 лет,ИЖ
10195,Тюменская область,Заводоуковск,REGION,Чемпионат и первенство Тюменской области по спортивной аэробике,14-12 лет,ИЖ
10196,Тюменская область,Боровский,REGION,Чемпионат и первенство Тюменской области по спортивной аэробике,14-12 лет,ИЖ
10197,Тюменская область,Тюмень,REGION,Чемпионат и первенство Тюменской области по спортивной аэробике,11-9 лет,ИЖ
10198,Тюменская область,Тюмень,REGION,Чемпионат и первенство Тюменской области по спортивной аэробике,11-9 лет,ИЖ
10199,Тюменская область,Тюмень,REGION,Чемпионат и первенство Тюменской области по спортивной аэробике,11-9 лет,ИЖ
10200,Тюменская область,Тюмень,REGION,Чемпионат и первенство Тюменской области по спортивной аэробике,11-9 лет,ИЖ
10201,Тюменская область,Тюмень,REGION,Чемпионат и первенство Тюменской области по спортивной аэробике,11-9 лет,ИЖ
10202,Тюменская область,Тюмень,REGION,Чемпионат и первенство Тюменской области по спортивной аэробике,11-9 лет,ИЖ
10203,Тюменская область,Боровский,REGION,Чемпионат и первенство Тюменской области по спортивной аэробике,11-9 лет,ИЖ
10205,Тюменская область,Тюмень,REGION,Чемпионат и первенство Тюменской области по спортивной аэробике,11-9 лет,ИЖ
10206,Тюменская область,Тюмень,REGION,Чемпионат и первенство Тюменской области по спортивной аэробике,11-9 лет,ИЖ
10207,Тюменская область,Тюмень,REGION,Чемпионат и первенство Тюменской области по спортивной аэробике,11-9 лет,ИЖ
10209,Тюменская область,Тюмень,REGION,Чемпионат и первенство Тюменской области по спортивной аэробике,11-9 лет,ИЖ
10210,Тюменская область,Тюмень,REGION,Чемпионат и первенство Тюменской области по спортивной аэробике,11-9 лет,ИЖ
10212,Тюменская область,Заводоуковск,REGION,Чемпионат и первенство Тюменской области по спортивной аэробике,11-9 лет,ИЖ
10213,Тюменская область,Тюмень,REGION,Чемпионат и первенство Тюменской области по спортивной аэробике,11-9 лет,ИЖ
10214,Тюменская область,Заводоуковск,REGION,Чемпионат и первенство Тюменской области по спортивной аэробике,11-9 лет,ИЖ
10215,Тюменская область,Тюмень,REGION,Чемпионат и первенство Тюменской области по спортивной аэробике,11-9 лет,ИЖ
10216,Тюменская область,Боровский,REGION,Чемпионат и первенство Тюменской области по спортивной аэробике,11-9 лет,ИЖ
10217,Тюменская область,Боровский,REGION,Чемпионат и первенство Тюменской области по спортивной аэробике,11-9 лет,ИЖ
10218,Тюменская область,Тюмень,REGION,Чемпионат и первенство Тюменской области по спортивной аэробике,11-9 лет,ИЖ
10219,Тюменская область,Тюмень,REGION,Чемпионат и первенство Тюменской области по спортивной аэробике,11-9 лет,ИЖ
10220,Тюменская область,Тюмень,REGION,Чемпионат и первенство Тюменской области по спортивной аэробике,17-15 лет,ИМ
10221,Тюменская область,Тюмень,REGION,Чемпионат и первенство Тюменской области по спортивной аэробике,14-12 лет,ИМ
10222,Тюменская область,Боровский,REGION,Чемпионат и первенство Тюменской области по спортивной аэробике,11-9 лет,ИМ
10223,Тюменская область,Тюмень,REGION,Чемпионат и первенство Тюменской области по спортивной аэробике,11-9 лет,ИМ
10224,Тюменская область,Тюмень,REGION,Чемпионат и первенство Тюменской области по спортивной аэробике,11-9 лет,ИМ
10225,Тюменская область,Тюмень,REGION,Чемпионат и первенство Тюменской области по спортивной аэробике,11-9 лет,ИМ
10226,Тюменская область,Тюмень,REGION,Чемпионат и первенство Тюменской области по спортивной аэробике,11-9 лет,ИМ
10227,Тюменская область,Тюмень,REGION,Чемпионат и первенство Тюменской области по спортивной аэробике,14-12 лет,ТР
10228,Тюменская область,Тюмень,REGION,Чемпионат и первенство Тюменской области по спортивной аэробике,14-12 лет,ТР
10229,Тюменская область,Тюмень,REGION,Чемпионат и первенство Тюменской области по спортивной аэробике,14-12 лет,ТР
10230,Тюменская область,Тюмень,REGION,Чемпионат и первенство Тюменской области по спортивной аэробике,14-12 лет,ТР
10231,Тюменская область,Тюмень,REGION,Чемпионат и первенство Тюменской области по спортивной аэробике,14-12 лет,ТР
10232,Тюменская область,Боровский,REGION,Чемпионат и первенство Тюменской области по спортивной аэробике,14-12 лет,ТР
10233,Тюменская область,Тюмень,REGION,Чемпионат и первенство Тюменской области по спортивной аэробике,14-12 лет,ТР
10234,Тюменская область,Тюмень,REGION,Чемпионат и первенство Тюменской области по спортивной аэробике,14-12 лет,ТР
10235,Тюменская область,Заводоуковск,REGION,Чемпионат и первенство Тюменской области по спортивной аэробике,14-12 лет,ТР
10237,Тюменская область,Тобольск,REGION,Чемпионат и первенство Тюменской области по спортивной аэробике,14-12 лет,ТР
10238,Тюменская область,Тюмень,REGION,Чемпионат и первенство Тюменской области по спортивной аэробике,14-12 лет,ТР
10239,Тюменская область,Тюмень,REGION,Чемпионат и первенство Тюменской области по спортивной аэробике,17-15 лет,ИЖ
10208,Тюменская область,Тюмень,REGION,Чемпионат и первенство Тюменской области по спортивной аэробике,14-12 лет,ИЖ
10240,Тюменская область,Тюмень,REGION,Чемпионат и первенство Тюменской области по спортивной аэробике,17-15 лет,ИЖ
10241,Тюменская область,Тюмень,REGION,Чемпионат и первенство Тюменской области по спортивной аэробике,17-15 лет,ИЖ
10242,Тюменская область,Тюмень,REGION,Чемпионат и первенство Тюменской области по спортивной аэробике,17-15 лет,ИЖ
10243,Тюменская область,Тобольск,REGION,Чемпионат и первенство Тюменской области по спортивной аэробике,17-15 лет,ИЖ
10244,Тюменская область,Заводоуковск,REGION,Чемпионат и первенство Тюменской области по спортивной аэробике,17-15 лет,ИЖ
10245,Тюменская область,Тюмень,REGION,Чемпионат и первенство Тюменской области по спортивной аэробике,17-15 лет,ИЖ
10246,Тюменская область,Тобольск,REGION,Чемпионат и первенство Тюменской области по спортивной аэробике,17-15 лет,ИЖ
10247,Тюменская область,Тюмень,REGION,Чемпионат и первенство Тюменской области по спортивной аэробике,17-15 лет,ИЖ
10248,Тюменская область,Тюмень,REGION,Чемпионат и первенство Тюменской области по спортивной аэробике,17-15 лет,ИЖ
10249,Тюменская область,Тюмень,REGION,Чемпионат и первенство Тюменской области по спортивной аэробике,17-15 лет,ИЖ
10250,Тюменская область,Тюмень,REGION,Чемпионат и первенство Тюменской области по спортивной аэробике,17-15 лет,ИЖ
10251,Тюменская область,Тюмень,REGION,Чемпионат и первенство Тюменской области по спортивной аэробике,17-15 лет,ИЖ
10252,Тюменская область,Тюмень,REGION,Чемпионат и первенство Тюменской области по спортивной аэробике,17-15 лет,ИЖ
10253,Тюменская область,Боровский,REGION,Чемпионат и первенство Тюменской области по спортивной аэробике,17-15 лет,ИЖ
10254,Тюменская область,Тюмень,REGION,Чемпионат и первенство Тюменской области по спортивной аэробике,17-15 лет,ИЖ
10255,Тюменская область,Тюмень,REGION,Чемпионат и первенство Тюменской области по спортивной аэробике,17-15 лет,ИЖ
10256,Тюменская область,Тюмень,REGION,Чемпионат и первенство Тюменской области по спортивной аэробике,17-15 лет,ИЖ
10257,Тюменская область,Тобольск,REGION,Чемпионат и первенство Тюменской области по спортивной аэробике,17-15 лет,ИЖ
10259,Тюменская область,Заводоуковск,REGION,Чемпионат и первенство Тюменской области по спортивной аэробике,17-15 лет,ИЖ
10260,Тюменская область,Тюмень,REGION,Чемпионат и первенство Тюменской области по спортивной аэробике,17-15 лет,ИЖ
10261,Тюменская область,Тюмень,REGION,Чемпионат и первенство Тюменской области по спортивной аэробике,17-15 лет,ИЖ
10262,Тюменская область,Тюмень,REGION,Чемпионат и первенство Тюменской области по спортивной аэробике,17-15 лет,ИЖ
10263,Тюменская область,Тюмень,REGION,Чемпионат и первенство Тюменской области по спортивной аэробике,14-12 лет,СП
10264,Тюменская область,Тюмень,REGION,Чемпионат и первенство Тюменской области по спортивной аэробике,11-9 лет,ТР
10265,Тюменская область,Боровский,REGION,Чемпионат и первенство Тюменской области по спортивной аэробике,11-9 лет,ТР
10266,Тюменская область,Тюмень,REGION,Чемпионат и первенство Тюменской области по спортивной аэробике,11-9 лет,ТР
10267,Тюменская область,Тюмень,REGION,Чемпионат и первенство Тюменской области по спортивной аэробике,11-9 лет,ТР
10268,Тюменская область,Боровский,REGION,Чемпионат и первенство Тюменской области по спортивной аэробике,11-9 лет,ТР
10269,Тюменская область,Тюмень,REGION,Чемпионат и первенство Тюменской области по спортивной аэробике,11-9 лет,ТР
10270,Тюменская область,Тюмень,REGION,Чемпионат и первенство Тюменской области по спортивной аэробике,11-9 лет,ТР
10271,Тюменская область,Тюмень,REGION,Чемпионат и первенство Тюменской области по спортивной аэробике,11-9 лет,ТР
10272,Тюменская область,Тюмень,REGION,Чемпионат и первенство Тюменской области по спортивной аэробике,11-9 лет,ТР
10273,Тюменская область,Тюмень,REGION,Чемпионат и первенство Тюменской области по спортивной аэробике,11-9 лет,ТР
10274,Тюменская область,Заводоуковск,REGION,Чемпионат и первенство Тюменской области по спортивной аэробике,11-9 лет,ТР
10275,Тюменская область,Тюмень,REGION,Чемпионат и первенство Тюменской области по спортивной аэробике,11-9 лет,ТР
10276,Тюменская область,Тюмень,REGION,Чемпионат и первенство Тюменской области по спортивной аэробике,11-9 лет,ТР
10277,Тюменская область,Тюмень,REGION,Чемпионат и первенство Тюменской области по спортивной аэробике,18+ лет,ИЖ
10278,Тюменская область,Тюмень,REGION,Чемпионат и первенство Тюменской области по спортивной аэробике,18+ лет,ИЖ
10280,Тюменская область,Тюмень,REGION,Чемпионат и первенство Тюменской области по спортивной аэробике,18+ лет,ИЖ
10281,Тюменская область,Заводоуковск,REGION,Чемпионат и первенство Тюменской области по спортивной аэробике,18+ лет,ИЖ
10282,Тюменская область,Тюмень,REGION,Чемпионат и первенство Тюменской области по спортивной аэробике,18+ лет,ИЖ
10283,Тюменская область,Тюмень,REGION,Чемпионат и первенство Тюменской области по спортивной аэробике,18+ лет,ИЖ
10284,Тюменская область,Тюмень,REGION,Чемпионат и первенство Тюменской области по спортивной аэробике,17-15 лет,СП
10285,Тюменская область,Боровский,REGION,Чемпионат и первенство Тюменской области по спортивной аэробике,11-9 лет,СП
10286,Тюменская область,Тюмень,REGION,Чемпионат и первенство Тюменской области по спортивной аэробике,11-9 лет,СП
10287,Тюменская область,Тюмень,REGION,Чемпионат и первенство Тюменской области по спортивной аэробике,11-9 лет,СП
10288,Тюменская область,Тюмень,REGION,Чемпионат и первенство Тюменской области по спортивной аэробике,11-9 лет,СП
10290,Тюменская область,Тюмень,REGION,Чемпионат и первенство Тюменской области по спортивной аэробике,17-15 лет,ГР
10291,Тюменская область,Тюмень,REGION,Чемпионат и первенство Тюменской области по спортивной аэробике,17-15 лет,ГР
10292,Тюменская область,Тюмень,REGION,Чемпионат и первенство Тюменской области по спортивной аэробике,17-15 лет,ГР
10293,Тюменская область,Тюмень,REGION,Чемпионат и первенство Тюменской области по спортивной аэробике,17-15 лет,ГР
