80,Бондаренко Оксана Михайловна,Тюменская область,Тюмень
43,Филинова Анастасия Александровна,Тюменская область,Боровский
76,Колова Анастасия Михайловна,Тюменская область,Тюмень
40,Быков Вячеслав Александрович,Новосибирская область,Новосибирск
65,Шарафутдинова Светлана Павловна,Тюменская область,Тюмень
51,Мякотина Наталья Ярославовна,Московская область,Солнечногорск
71,Титкова Виктория Дмитриевна,Московская область,Солнечногорск
107,Семухина Татьяна Валерьевна,Тюменская область,Тюмень
46,Борисова Ирина Михайловна,Новосибирская область,Новосибирск
64,Дерягина Елена Борисовна,Республика Башкортостан,Стерлитамак
98,Рыманова Виктория Витальевна,Тюменская область,Тюмень
77,Шурова Евгения Валентиновна,Тюменская область,Тюмень
37,Полешева Кристина Сергеевна,Свердловская область,Екатеринбург
68,Шулина Анастасия Олеговна,Ульяновская область,Ульяновск
113,Мастеркова Ксения Евгеньевна,Тюменская область,Тюмень
34,Боборыкина Анна Сергеевна,Пермский край,Пермь
81,Соколова Мария Олеговна,Тюменская область,Тюмень
74,Андрианова Юдлия Анатольевна,Омская область,Омск
67,Самсонов Анатолий Сергеевич,Ханты-Мансийский автономный округ - Югра,Сургут
79,Бурганова Юлия Андреевна,Тюменская область,Тобольск
35,Кропанева Софья Сергеевна,Омская область,Омск
56,Ведерникова Наталия Николаевна,Тульская область,Тула
57,Краснянская Ольга Виленовна,Челябинская область,Челябинск
42,Погорелая Наталья Александровна,Алтайский край,Барнаул
108,Гуцалова Наталья Георгиевна,Тюменская область,Заводоуковск
45,Плявских Анна Сергеевна,Ханты-Мансийский автономный округ - Югра,Сургут
104,Румянцева Алиса Николаевна,Тюменская область,Тюмень
66,Воронина Наталья Владимировна,Оренбургская область,Новотроицк
82,Маркова Таисия Алексеевна,Тюменская область,Тюмень
111,Федосеев Илья Владимирович,Тюменская область,Тюмень
110,Кочубеева Виктория Николаевна,Тюменская область,Тюмень
72,Николаева Екатерина Нурисламовна,Ульяновская область,Ульяновск
70,Гаврилова Светлана Владимировна,Ульяновская область,Ульяновск
54,Андрианова Юлия Анатольевна,Омская область,Омск
75,Осташевская Ирина Александровна,Свердловская область,Ирбит
38,Тепляшина Лариса Владимировна,Свердловская область,Екатеринбург
63,Медведева Елена Германовна,Тюменская область,Тюмень
78,Балабанова Ирина Ивановна,Тюменская область,Тюмень
112,Коршунова Елена Станиславовна,Тюменская область,Заводоуковск
